,ABUSE OF 911,AGG ASLT ENHANC STRANGL/SUFFOC,AGG ASLT STRANGLE/SUFFOCATE,AGG ASLT W/MOTOR VEH FAM/DAT V,AGG ASSAULT,AGG ASSAULT FAM/DATE VIOLENCE,AGG ASSAULT ON PEACE OFFICER,AGG ASSAULT ON PUBLIC SERVANT,AGG ASSAULT WITH MOTOR VEH,AGG ROBBERY BY ASSAULT,AGG ROBBERY/DEADLY WEAPON,AIRPORT - CRIMINAL TRESPASS,APPLIC TO REVOKE PROBATION,ARSON,ASSAULT BY CONTACT,ASSAULT BY CONTACT FAM/DATING,ASSAULT BY THREAT,ASSAULT BY THREAT FAM/DATING,ASSAULT OF A PREGNANT WOMAN,ASSAULT OF PREGNANT WM-FAM/DAT,ASSAULT ON PEACE OFFICER,ASSAULT ON PUBLIC SERVANT,ASSAULT W/INJURY-FAM/DATE VIOL,ASSAULT WITH INJURY,AUTO THEFT,BOMB THREAT,BREACH OF COMPUTER SECURITY,BURGLARY NON RESIDENCE,BURGLARY OF COIN-OP MACHINE,BURGLARY OF RESIDENCE,BURGLARY OF SHED/DETACHED GARAGE/STORAGE UNIT,BURGLARY OF VEH-NO SUSPECT/FU,BURGLARY OF VEHICLE,CHILD CUSTODY INTERFERE,CHILD ENDANGERMENT- ABANDONMEN,CIVIL DISTURBANCE/DEMO,COMMERCIAL BRIBERY,COUNTERFEITING,CRASH/FAIL STOP AND RENDER AID,CRED CARD ABUSE - OTHER,CRED CARD ABUSE BY FORGERY,CRIMINAL MISCHIEF,CRIMINAL MISCHIEF BY ARSON,CRIMINAL MISCHIEF-NO SUSPECT,CRIMINAL TRESPASS,CRIMINAL TRESPASS/HOTEL,CRIMINAL TRESPASS/IN VEHICLE,CRIMINAL TRESPASS/TRANSIENT,CRUELTY TO ANIMALS,CUSTODY ARREST TRAFFIC WARR,DAMAGE CITY PROP,DAMAGE CITY VEHICLE,DATING DISTURBANCE,DEADLY CONDUCT,DEBIT CARD ABUSE,DEL CONTROLLED SUB/NARCOTIC,DEL CONTROLLED SUB/SYN NARC,DEL MARIJUANA,DEL SYNTHETIC MARIJUANA,DISTURBANCE - OTHER,DOC ABUSE OR THREAT,DOC ABUSIVE LANGUAGE,DOC DISCHARGE GUN - PUB PLACE,DOC DISPLAY GUN/DEADLY PUB PLC,DOC EXPOSURE,DOC FIGHTING,DOC OFFENSIVE GESTURE,DOC UNREASONABLE NOISE,DOC WINDOW PEEPING - HOTEL,DOC WINDOW PEEPING-RESIDENCE,DRIVING WHILE INTOX / FELONY,DUI - AGE 16 AND UNDER,DUI - AGE 17 TO 20,DUMPING REFUSE NEAR HIGHWAY,DWI,DWI  .15 BAC OR ABOVE,DWI - CHILD PASSENGER,DWI - DRUG RECOGNITION EXPERT,DWI 2ND,ESCAPE FROM CUSTODY,EVADING / FOOT,EVADING / VEHICLE PURSUIT,EVADING VEHICLE,EXPLOITATION OF CHILD/ELDERLY,EXPLOSIVE ORDNANCE DISPOSAL,FAILURE TO IDENTIFY,FALSE ALARM OR REPORT,FALSE REPORT TO PEACE OFFICER,FAMILY DISTURBANCE,FAMILY DISTURBANCE/PARENTAL,FEDERAL VIOL/OTHER,FELONY ENHANCEMENT/ASSLT W/INJ,FORGERY - OTHER,FORGERY AND PASSING,FORGERY BY MAKING,FORGERY OF IDENTIFICATION,FRAUD - OTHER,GAMBLING,GRAFFITI,HARASSMENT,HARASSMENT OF A PUBLIC SERVANT,IDENTITY THEFT,IMPERSONATING PUBLIC SERVANT,INDECENT ASSAULT,INDECENT EXPOSURE,INJURY DISABLED INDIVIDUAL,INJURY TO CHILD,INJURY TO ELDERLY PERSON,INTERFERE W PO SERVICE ANIMALS,INTERFERENCE PUBLIC DUTIES,JUSTIFIED HOMICIDE,KIDNAPPING,LIQUOR LAW VIOLATION/OTHER,LITTERING,MAIL THEFT,MANF CONTROLLED SUB - OTHER,MANF CONTROLLED SUB- SYN NARC,MANF SYNTHETIC MARIJUANA,MISAPPLY FIDUCIARY PROP,MISREP AGE BY MINOR,MISUSE OF OFFICIAL INFO,MURDER,NUISANCE ABATEMENT,OBSCENE DISPLAY - DISTRIBUTION,OBTAIN CONTROLLED SUB BY FRAUD,ONLINE IMPERSONATION,PAROLE VIOL,POCKET PICKING,POSS CONTROLLED SUB/NARCOTIC,POSS CONTROLLED SUB/OTHER,POSS CONTROLLED SUB/SYN NARC,POSS CRIMINAL INSTRUMENT,POSS DANG DRUG,POSS OF ALCOHOL - AGE 17 TO 20,POSS OF ALCOHOL-AGE 16 & UNDER,POSS OF DRUG PARAPHERNALIA,POSS OF FIREARM BY FELON,POSS OF GAMBLING PARAPHERNALIA,POSS OF PROHIBITED WEAPON,POSS SYNTHETIC MARIJUANA,POSS/PROMO CHILD PORNOGRAPHY,POSSESSION OF MARIJUANA,PROSTITUTION,PROTECTIVE ORDER,PUBLIC INTOX-SOBERING CENTER,PUBLIC INTOXICATION,PUBLIC LEWDNESS,PURSE SNATCHING,RECKLESS CONDUCT,RECKLESS DAMAGE,RENTAL CAR/FAIL TO RETURN,RESISTING ARREST OR SEARCH,RETALIATION,RIOT,ROBBERY BY ASSAULT,ROBBERY BY THREAT,RUNAWAY CHILD,SALE OF DXM TO MINOR,SALE OF LIQ WITHOUT PERMIT,SECURING EXEC-DOC BY DECEPTION,SEXTING/TRANSMIT SEXUAL PHOTOS,SOLICITATION - BEGGING,STALKING,SUSPICIOUS PERSON,TAKE WEAPON FRM POLICE OFFICER,TAMPERING WITH CONSUMER PROD,TAMPERING WITH EVIDENCE,TAMPERING WITH GOV RECORD,TERRORISTIC THREAT,TERRORISTIC THREAT-FAM/DAT VIO,TERRORISTIC THREAT-MASS CASLTY,THEFT,THEFT BY EMBEZZLEMENT,THEFT BY EXTORTION,THEFT BY FALSE PRETEXT/BUNCO,THEFT BY PUBLIC SERVANT,THEFT BY SHOPLIFTING,THEFT CATALYTIC CONVERTER,THEFT FROM AUTO,THEFT FROM BUILDING,THEFT FROM PERSON,THEFT OF AUTO PARTS,THEFT OF BICYCLE,THEFT OF HEAVY EQUIPMENT,THEFT OF LICENSE PLATE,THEFT OF METAL,THEFT OF SERVICE,THEFT OF TRAILER,THEFT- APPROPRIATE STOLEN PROP,THEFT-NO SUSPECT/FOLLOWUP,TRAFFICKING OF PERSONS,TRUANCY,UCW LICENSE PREMISE,UNLAWFUL CARRY-LIC HOLDER,UNLAWFUL CARRYING WEAPON,UNLAWFUL RESTRAINT,URINATING IN PUBLIC PLACE,VIOL CITY ORDINANCE - BOOTING,VIOL CITY ORDINANCE - DOG,VIOL CITY ORDINANCE - OTHER,VIOL CITY ORDINANCE - SOUND,VIOL CITY ORDINANCE - WRECKER,VIOL CITY ORDINANCE -FIREWORK,VIOL OF AGGRESSIVE CONFRONT,VIOL OF BOND CONDITIONS,VIOL OF CAMPING ORDINANCE,VIOL OF EMERG PROTECTIVE ORDER,VIOL OF PROTECTIVE ORDER,VIOL STATE LAW - OTHER,VIOL TEMP EX PARTE  ORDER,VOCO - ALCOHOL  CONSUMPTION,VOYEURISM-PEEPING TOM,WARRANT ARREST NON TRAFFIC,WEAPON VIOL - OTHER,AGG KIDNAPPING FAM VIO,BURG OF RES - FAM/DATING ASLT,CRED CARD ABUSE - EXPIR-CANCEL,CRIMES AGAINST ELDERLY,CRIMINAL SOLICITATION OF MINOR,DEADLY CONDUCT FAM/DATE VIOL,DISPOSAL OF SOLID WASTE,DOC DISCHARGE GUN - PUB ROAD,FALSE STATEMENT -OBTAIN CREDIT,FRAUD FILING FINANCE STATEMENT,FRAUD-CARD SKIMMER,INHALANT ABUSE,INJ TO DISABLED  FAM/DATE VIOL,INJ TO ELDERLY   FAM/DATE VIOL,INJURY TO CHILD (CARE/CUSTODY),INTER EMERG PHONECALL FAM/DATE,INTERFERING W/EMERG PHONE CALL,ONLINE SOLICITATION OF A MINOR,POSSESSION OF FORGED WRITING,PROMOTION OF PROSTITUTION,THEFT BY CHECK,UNLAWFUL RESTRAINT FAM/DAT VIO,VIOL STAY AWAY ORDER,CRASH/INTOXICATION ASSAULT,DISTRIB HARMFUL MATERIAL MINOR,FORGERY BY ALTERATION,HAZING,IDENTITY THEFT-TAX RETURNS,OBTAIN DANG DRUG BY FRAUD,REPEAT RUNAWAY,VIOL OF OBSTRUCTION ORDINANCE,VOCO AMPLIFIED MUSIC/VEHICLE,CAMPING IN PARK,CRASH/INTOX MANSLAUGHTER,DOMESTIC VIOLENCE/ALARM,FRAUD DESTRUCTION OF A WRITING,HARASSMENT ONLINE,ISSUANCE OF BAD CHECK,PROWLER,SEXUAL COERCION,DEL OF ALCOHOL TO MINOR,FICTITIOUS NAME,FORGERY- CERTIFICATE OF TITLE,VIOL CITY ORD-COVID 19 MASK,AIRPORT - BOMB THREAT,AIRPORT - BREACH OF SECURITY,AIRPORT - FEDERAL VIOL,AIRPORT PLACES WEAPON PROHIBIT,ILLUMIN AIRCRAFT INTENSE LIGHT,MONEY LAUNDERING,VIOL CITY ORDINANCE - AIRPORT,ABUSE OF CORPSE,DANG DRUG VIOL - OTHER,DEL CONTROLLED SUB/OTHER,HARBORING RUNAWAY CHILD,HINDERING APPREHENSION,PROBATION VIOL,CRASH/MANSLAUGHTER,MANSLAUGHTER,AGG PROMOTION OF PROSTITUTION,CAPITAL MURDER,INJ/CHILD FV (NO CARE/CUSTODY),INJURY TO ELDERLY PERSON - SBI,PURCHASING PROSTITUTION,TRADEMARK COUNTERFEITING,VIOL OF PARK CURFEW,ATT AUTO THEFT,AGG KIDNAPPING,ATT BURGLARY OF RESIDENCE,DOC WINDOW PEEPING - PUB AREA,MAKING TOBACCO AVAIL TO MINOR,BOATING WHILE INTOXICATED,ATT THEFT,CONTROLLED SUB VIOL - OTHER,CRIMINAL SOLICITATION,DISRUPTING MEETING/PROCESSION,FALSE REPORT TO CPS,KIDNAPPING FAM VIO,TELECOMMUNICATION CRIMES/OTHER,VIOL CITY ORDINANCE -  GAME RM,HINDER SECURED CREDITORS,PIGEON DROP,ARSON WITH BODILY INJURY,CONTEMPT OF COURT,KEEPING GAMBLING PLACE,SMUGGLING ILLEGAL ALIEN,VIOL OF COURT ORDER-NON EPO-PO,FALSE CALLER ID DISPLAY/SPOOF,TOBACCO VIOL - UNDER AGE 21,AGG PERJURY,TOBACCO VIOL - UNDER AGE 17,ATT ARSON,FALSE ID AS A PEACE OFFICER,OBSCENITY,VIOL CITY ORDINANCE - TITLE 10,TAMPERING WITH WITNESS,BESTIALITY,THEFT OF TELECOMMUNICATION SRV,VIOL STATE MASSAGE REGULATIONS
78701,5.0,5.0,39.0,1.0,226.0,13.0,17.0,4.0,4.0,2.0,37.0,1.0,2.0,13.0,321.0,36.0,134.0,4.0,2.0,2.0,40.0,27.0,149.0,697.0,263.0,7.0,27.0,198.0,1.0,41.0,31.0,153.0,614.0,26.0,1.0,5.0,1.0,9.0,75.0,88.0,4.0,584.0,6.0,38.0,316.0,44.0,9.0,105.0,15.0,10.0,37.0,42.0,122.0,15.0,68.0,20.0,2.0,2.0,2.0,328.0,5.0,4.0,16.0,21.0,38.0,170.0,2.0,17.0,1.0,2.0,17.0,3.0,1.0,1.0,291.0,53.0,3.0,4.0,41.0,2.0,60.0,11.0,33.0,3.0,2.0,18.0,11.0,3.0,323.0,3.0,5.0,12.0,7.0,41.0,5.0,1.0,73.0,6.0,52.0,120.0,21.0,167.0,6.0,17.0,38.0,6.0,1.0,9.0,11.0,29.0,1.0,1.0,10.0,7.0,24.0,1.0,1.0,1.0,1.0,16.0,1.0,10.0,10.0,2.0,1.0,6.0,5.0,15.0,204.0,9.0,16.0,1.0,10.0,5.0,1.0,548.0,31.0,1.0,1.0,27.0,2.0,124.0,3.0,1.0,55.0,376.0,4.0,6.0,1.0,27.0,5.0,53.0,7.0,12.0,79.0,12.0,4.0,1.0,1.0,1.0,2.0,1.0,6.0,77.0,3.0,5.0,10.0,3.0,119.0,4.0,4.0,1004.0,3.0,1.0,1.0,1.0,99.0,30.0,20.0,31.0,226.0,4.0,235.0,1.0,31.0,3.0,47.0,2.0,1.0,44.0,1.0,1.0,7.0,3.0,133.0,2.0,9.0,1.0,1.0,41.0,38.0,10.0,1.0,2.0,1.0,2.0,14.0,15.0,16.0,1.0,4.0,2.0,83.0,2.0,0.0,0.0,0.0,0.0,0.0,0.0,0.0,0.0,0.0,0.0,0.0,0.0,0.0,0.0,0.0,0.0,0.0,0.0,0.0,0.0,0.0,0.0,0.0,0.0,0.0,0.0,0.0,0.0,0.0,0.0,0.0,0.0,0.0,0.0,0.0,0.0,0.0,0.0,0.0,0.0,0.0,0.0,0.0,0.0,0.0,0.0,0.0,0.0,0.0,0.0,0.0,0.0,0.0,0.0,0.0,0.0,0.0,0.0,0.0,0.0,0.0,0.0,0.0,0.0,0.0,0.0,0.0,0.0,0.0,0.0,0.0,0.0,0.0,0.0,0.0,0.0,0.0,0.0,0.0,0.0,0.0,0.0,0.0,0.0,0.0,0.0,0.0,0.0,0.0,0.0,0.0,0.0,0.0,0.0,0.0,0.0,0.0,0.0,0.0
78702,1.0,3.0,48.0,2.0,123.0,34.0,3.0,0.0,4.0,2.0,35.0,0.0,1.0,14.0,128.0,61.0,157.0,19.0,2.0,7.0,4.0,6.0,245.0,250.0,295.0,1.0,8.0,229.0,7.0,144.0,73.0,128.0,525.0,78.0,3.0,6.0,0.0,7.0,51.0,34.0,0.0,507.0,4.0,18.0,283.0,1.0,5.0,51.0,16.0,4.0,27.0,36.0,99.0,23.0,46.0,8.0,0.0,0.0,1.0,215.0,1.0,1.0,14.0,3.0,17.0,11.0,0.0,1.0,0.0,4.0,9.0,0.0,0.0,1.0,116.0,37.0,1.0,5.0,27.0,0.0,17.0,7.0,36.0,4.0,4.0,8.0,7.0,6.0,644.0,37.0,0.0,19.0,6.0,36.0,3.0,1.0,105.0,0.0,53.0,211.0,10.0,140.0,1.0,7.0,21.0,12.0,5.0,7.0,0.0,0.0,0.0,0.0,3.0,0.0,76.0,1.0,1.0,0.0,1.0,0.0,0.0,3.0,0.0,0.0,0.0,7.0,0.0,0.0,145.0,2.0,3.0,0.0,3.0,0.0,0.0,73.0,25.0,0.0,1.0,3.0,3.0,71.0,4.0,9.0,17.0,89.0,0.0,0.0,0.0,6.0,2.0,11.0,3.0,0.0,24.0,10.0,35.0,0.0,0.0,0.0,1.0,0.0,7.0,64.0,0.0,0.0,2.0,0.0,66.0,13.0,1.0,584.0,0.0,2.0,1.0,0.0,142.0,79.0,17.0,23.0,20.0,19.0,254.0,5.0,38.0,8.0,16.0,9.0,2.0,9.0,0.0,0.0,0.0,0.0,35.0,2.0,1.0,2.0,0.0,11.0,0.0,3.0,0.0,0.0,3.0,1.0,15.0,21.0,9.0,0.0,0.0,1.0,9.0,2.0,1.0,4.0,2.0,1.0,1.0,3.0,1.0,17.0,1.0,1.0,1.0,1.0,1.0,4.0,2.0,1.0,2.0,1.0,2.0,1.0,1.0,4.0,2.0,0.0,0.0,0.0,0.0,0.0,0.0,0.0,0.0,0.0,0.0,0.0,0.0,0.0,0.0,0.0,0.0,0.0,0.0,0.0,0.0,0.0,0.0,0.0,0.0,0.0,0.0,0.0,0.0,0.0,0.0,0.0,0.0,0.0,0.0,0.0,0.0,0.0,0.0,0.0,0.0,0.0,0.0,0.0,0.0,0.0,0.0,0.0,0.0,0.0,0.0,0.0,0.0,0.0,0.0,0.0,0.0,0.0,0.0,0.0,0.0,0.0,0.0,0.0,0.0,0.0,0.0,0.0,0.0,0.0,0.0,0.0,0.0,0.0,0.0,0.0,0.0
78703,0.0,1.0,3.0,0.0,6.0,7.0,0.0,0.0,1.0,1.0,2.0,0.0,0.0,0.0,40.0,5.0,27.0,3.0,1.0,0.0,2.0,2.0,28.0,38.0,125.0,1.0,6.0,56.0,0.0,53.0,43.0,107.0,496.0,8.0,0.0,2.0,0.0,2.0,13.0,31.0,0.0,122.0,0.0,4.0,46.0,0.0,1.0,9.0,9.0,0.0,3.0,2.0,22.0,2.0,11.0,3.0,0.0,0.0,0.0,57.0,0.0,0.0,1.0,0.0,4.0,1.0,0.0,1.0,0.0,4.0,5.0,1.0,1.0,0.0,125.0,14.0,2.0,5.0,19.0,0.0,1.0,0.0,0.0,0.0,0.0,3.0,1.0,1.0,129.0,18.0,0.0,0.0,1.0,33.0,0.0,0.0,48.0,0.0,11.0,66.0,1.0,130.0,1.0,2.0,6.0,0.0,2.0,4.0,0.0,0.0,0.0,0.0,2.0,0.0,39.0,0.0,0.0,0.0,0.0,0.0,0.0,0.0,1.0,0.0,0.0,5.0,0.0,0.0,24.0,2.0,0.0,0.0,0.0,0.0,0.0,5.0,3.0,0.0,0.0,0.0,0.0,7.0,0.0,2.0,3.0,19.0,0.0,0.0,0.0,5.0,0.0,3.0,1.0,0.0,3.0,2.0,11.0,0.0,0.0,0.0,1.0,0.0,3.0,47.0,0.0,0.0,0.0,0.0,20.0,0.0,1.0,181.0,0.0,1.0,0.0,0.0,36.0,24.0,12.0,6.0,4.0,4.0,115.0,0.0,13.0,2.0,14.0,3.0,0.0,3.0,0.0,0.0,1.0,0.0,5.0,0.0,0.0,0.0,0.0,7.0,0.0,0.0,0.0,0.0,3.0,0.0,3.0,4.0,3.0,0.0,0.0,0.0,4.0,0.0,0.0,0.0,0.0,2.0,0.0,0.0,0.0,0.0,0.0,0.0,4.0,0.0,0.0,4.0,1.0,0.0,1.0,0.0,0.0,0.0,0.0,0.0,0.0,1.0,1.0,2.0,1.0,1.0,2.0,1.0,1.0,1.0,0.0,0.0,0.0,0.0,0.0,0.0,0.0,0.0,0.0,0.0,0.0,0.0,0.0,0.0,0.0,0.0,0.0,0.0,0.0,0.0,0.0,0.0,0.0,0.0,0.0,0.0,0.0,0.0,0.0,0.0,0.0,0.0,0.0,0.0,0.0,0.0,0.0,0.0,0.0,0.0,0.0,0.0,0.0,0.0,0.0,0.0,0.0,0.0,0.0,0.0,0.0,0.0,0.0,0.0,0.0,0.0,0.0,0.0,0.0,0.0,0.0,0.0,0.0,0.0,0.0,0.0,0.0
78704,1.0,5.0,54.0,1.0,100.0,34.0,0.0,0.0,7.0,1.0,46.0,0.0,1.0,12.0,165.0,69.0,176.0,21.0,0.0,0.0,12.0,3.0,237.0,285.0,615.0,1.0,10.0,325.0,5.0,240.0,71.0,797.0,1043.0,75.0,9.0,7.0,0.0,9.0,56.0,106.0,2.0,702.0,2.0,74.0,236.0,7.0,7.0,57.0,24.0,1.0,3.0,21.0,184.0,11.0,70.0,8.0,0.0,0.0,0.0,297.0,0.0,2.0,9.0,14.0,12.0,10.0,3.0,5.0,0.0,10.0,27.0,0.0,2.0,1.0,247.0,40.0,4.0,10.0,62.0,2.0,25.0,10.0,20.0,0.0,3.0,18.0,7.0,3.0,869.0,54.0,1.0,21.0,5.0,56.0,3.0,2.0,152.0,0.0,51.0,276.0,7.0,252.0,3.0,11.0,25.0,0.0,7.0,11.0,0.0,2.0,0.0,0.0,0.0,0.0,163.0,0.0,0.0,0.0,0.0,1.0,0.0,3.0,0.0,1.0,2.0,19.0,1.0,3.0,112.0,9.0,2.0,1.0,2.0,0.0,0.0,56.0,8.0,0.0,0.0,0.0,5.0,69.0,1.0,7.0,20.0,161.0,1.0,0.0,1.0,17.0,15.0,7.0,3.0,0.0,33.0,10.0,192.0,0.0,0.0,0.0,3.0,0.0,3.0,155.0,0.0,1.0,1.0,0.0,84.0,19.0,4.0,889.0,0.0,1.0,0.0,0.0,447.0,160.0,55.0,43.0,31.0,34.0,400.0,2.0,90.0,6.0,41.0,66.0,1.0,54.0,1.0,0.0,0.0,0.0,25.0,1.0,0.0,6.0,6.0,10.0,0.0,14.0,0.0,0.0,2.0,1.0,20.0,37.0,7.0,1.0,0.0,0.0,18.0,0.0,0.0,6.0,0.0,1.0,0.0,0.0,0.0,1.0,4.0,0.0,6.0,0.0,1.0,7.0,0.0,1.0,4.0,3.0,0.0,0.0,0.0,0.0,0.0,3.0,0.0,3.0,0.0,0.0,0.0,12.0,0.0,0.0,1.0,1.0,1.0,1.0,1.0,2.0,1.0,1.0,0.0,0.0,0.0,0.0,0.0,0.0,0.0,0.0,0.0,0.0,0.0,0.0,0.0,0.0,0.0,0.0,0.0,0.0,0.0,0.0,0.0,0.0,0.0,0.0,0.0,0.0,0.0,0.0,0.0,0.0,0.0,0.0,0.0,0.0,0.0,0.0,0.0,0.0,0.0,0.0,0.0,0.0,0.0,0.0,0.0,0.0,0.0,0.0,0.0,0.0,0.0,0.0,0.0,0.0,0.0,0.0,0.0,0.0,0.0
78705,0.0,2.0,19.0,0.0,48.0,7.0,0.0,1.0,0.0,0.0,22.0,0.0,0.0,3.0,65.0,11.0,48.0,0.0,0.0,1.0,9.0,25.0,73.0,124.0,412.0,1.0,13.0,109.0,1.0,132.0,33.0,177.0,607.0,3.0,0.0,3.0,0.0,5.0,14.0,25.0,1.0,281.0,1.0,19.0,145.0,0.0,1.0,10.0,6.0,2.0,4.0,3.0,84.0,6.0,20.0,1.0,1.0,0.0,0.0,80.0,1.0,0.0,1.0,4.0,8.0,3.0,0.0,1.0,0.0,2.0,7.0,0.0,0.0,0.0,58.0,10.0,2.0,2.0,6.0,0.0,5.0,2.0,6.0,0.0,2.0,5.0,3.0,1.0,184.0,3.0,0.0,2.0,2.0,24.0,4.0,0.0,59.0,0.0,46.0,135.0,2.0,51.0,1.0,9.0,18.0,1.0,1.0,5.0,0.0,0.0,0.0,0.0,3.0,0.0,73.0,0.0,0.0,0.0,0.0,0.0,0.0,0.0,1.0,0.0,5.0,5.0,1.0,0.0,34.0,2.0,0.0,0.0,0.0,0.0,0.0,23.0,4.0,0.0,0.0,0.0,1.0,22.0,1.0,2.0,8.0,41.0,0.0,1.0,0.0,10.0,0.0,3.0,1.0,0.0,9.0,5.0,0.0,0.0,0.0,0.0,2.0,0.0,1.0,68.0,1.0,0.0,0.0,0.0,38.0,4.0,1.0,357.0,0.0,1.0,3.0,0.0,57.0,77.0,12.0,19.0,9.0,13.0,476.0,2.0,41.0,1.0,11.0,7.0,0.0,8.0,0.0,0.0,0.0,0.0,6.0,1.0,0.0,2.0,1.0,10.0,1.0,13.0,3.0,0.0,0.0,0.0,3.0,16.0,1.0,0.0,0.0,1.0,13.0,0.0,0.0,1.0,1.0,0.0,0.0,0.0,0.0,0.0,0.0,0.0,1.0,0.0,0.0,0.0,0.0,0.0,1.0,0.0,0.0,0.0,0.0,0.0,0.0,0.0,0.0,2.0,0.0,0.0,0.0,0.0,0.0,0.0,0.0,0.0,0.0,0.0,0.0,0.0,2.0,2.0,1.0,1.0,1.0,1.0,0.0,0.0,0.0,0.0,0.0,0.0,0.0,0.0,0.0,0.0,0.0,0.0,0.0,0.0,0.0,0.0,0.0,0.0,0.0,0.0,0.0,0.0,0.0,0.0,0.0,0.0,0.0,0.0,0.0,0.0,0.0,0.0,0.0,0.0,0.0,0.0,0.0,0.0,0.0,0.0,0.0,0.0,0.0,0.0,0.0,0.0,0.0,0.0,0.0,0.0,0.0,0.0,0.0,0.0,0.0
78717,1.0,2.0,13.0,1.0,9.0,3.0,0.0,1.0,0.0,0.0,4.0,0.0,0.0,2.0,13.0,17.0,11.0,4.0,0.0,0.0,1.0,0.0,58.0,10.0,50.0,0.0,4.0,51.0,0.0,48.0,68.0,60.0,163.0,27.0,0.0,2.0,0.0,1.0,9.0,25.0,1.0,69.0,0.0,5.0,9.0,2.0,0.0,2.0,3.0,0.0,2.0,0.0,24.0,2.0,19.0,0.0,0.0,0.0,0.0,38.0,0.0,0.0,1.0,2.0,1.0,2.0,0.0,0.0,0.0,1.0,5.0,0.0,1.0,0.0,38.0,4.0,1.0,0.0,5.0,0.0,0.0,0.0,4.0,0.0,1.0,0.0,3.0,0.0,219.0,17.0,0.0,3.0,5.0,5.0,0.0,0.0,30.0,0.0,3.0,67.0,0.0,95.0,0.0,3.0,2.0,0.0,0.0,0.0,0.0,0.0,0.0,0.0,1.0,0.0,35.0,0.0,0.0,0.0,0.0,0.0,0.0,0.0,0.0,0.0,0.0,4.0,0.0,0.0,10.0,1.0,1.0,0.0,0.0,0.0,0.0,6.0,0.0,0.0,0.0,0.0,1.0,4.0,1.0,4.0,0.0,6.0,0.0,0.0,1.0,6.0,1.0,1.0,0.0,0.0,4.0,2.0,8.0,0.0,0.0,0.0,1.0,0.0,1.0,22.0,0.0,0.0,0.0,0.0,13.0,2.0,0.0,123.0,1.0,0.0,0.0,0.0,69.0,29.0,6.0,8.0,4.0,3.0,20.0,0.0,18.0,1.0,5.0,5.0,0.0,2.0,0.0,0.0,0.0,0.0,3.0,0.0,0.0,0.0,0.0,2.0,0.0,1.0,0.0,0.0,0.0,0.0,2.0,5.0,0.0,0.0,0.0,0.0,0.0,1.0,0.0,0.0,0.0,0.0,0.0,0.0,0.0,0.0,0.0,0.0,2.0,0.0,0.0,0.0,0.0,2.0,0.0,3.0,0.0,0.0,0.0,1.0,0.0,0.0,0.0,0.0,0.0,0.0,0.0,0.0,0.0,0.0,0.0,0.0,0.0,1.0,0.0,0.0,0.0,0.0,0.0,0.0,0.0,0.0,0.0,0.0,0.0,0.0,0.0,0.0,0.0,0.0,0.0,0.0,0.0,0.0,0.0,0.0,0.0,0.0,0.0,0.0,0.0,0.0,0.0,0.0,0.0,0.0,0.0,0.0,0.0,0.0,0.0,0.0,0.0,0.0,0.0,0.0,0.0,0.0,0.0,0.0,0.0,0.0,0.0,0.0,0.0,0.0,0.0,0.0,0.0,0.0,0.0,0.0,0.0,0.0,0.0,0.0,0.0
78719,0.0,0.0,0.0,0.0,2.0,0.0,0.0,0.0,2.0,0.0,0.0,89.0,0.0,0.0,23.0,1.0,1.0,1.0,0.0,0.0,0.0,0.0,3.0,9.0,59.0,0.0,0.0,0.0,0.0,0.0,0.0,3.0,13.0,6.0,0.0,0.0,0.0,0.0,5.0,6.0,0.0,20.0,0.0,3.0,5.0,2.0,1.0,1.0,0.0,5.0,7.0,3.0,2.0,0.0,1.0,0.0,0.0,2.0,0.0,31.0,1.0,0.0,0.0,0.0,0.0,0.0,0.0,0.0,0.0,0.0,0.0,0.0,0.0,0.0,3.0,4.0,0.0,0.0,1.0,0.0,0.0,0.0,0.0,0.0,2.0,0.0,0.0,0.0,21.0,5.0,25.0,0.0,0.0,0.0,1.0,1.0,3.0,0.0,0.0,1.0,0.0,6.0,0.0,0.0,0.0,0.0,0.0,0.0,0.0,0.0,0.0,0.0,1.0,0.0,0.0,0.0,0.0,0.0,0.0,0.0,0.0,0.0,0.0,0.0,0.0,0.0,0.0,1.0,4.0,0.0,1.0,0.0,0.0,1.0,0.0,5.0,1.0,0.0,0.0,0.0,0.0,28.0,0.0,0.0,10.0,21.0,1.0,0.0,0.0,1.0,34.0,0.0,0.0,0.0,0.0,0.0,0.0,0.0,0.0,0.0,1.0,0.0,1.0,13.0,0.0,0.0,0.0,0.0,2.0,1.0,1.0,162.0,0.0,0.0,0.0,0.0,2.0,2.0,1.0,0.0,3.0,6.0,0.0,0.0,4.0,0.0,5.0,0.0,0.0,3.0,0.0,0.0,0.0,0.0,1.0,0.0,1.0,0.0,0.0,3.0,0.0,1.0,0.0,0.0,0.0,0.0,0.0,0.0,2.0,0.0,0.0,0.0,8.0,0.0,0.0,0.0,0.0,0.0,0.0,0.0,0.0,0.0,0.0,0.0,0.0,0.0,0.0,0.0,0.0,0.0,0.0,1.0,0.0,0.0,0.0,0.0,0.0,0.0,0.0,0.0,0.0,0.0,0.0,0.0,0.0,0.0,0.0,0.0,0.0,0.0,0.0,0.0,0.0,0.0,0.0,0.0,0.0,0.0,2.0,3.0,27.0,154.0,3.0,3.0,6.0,0.0,0.0,0.0,0.0,0.0,0.0,0.0,0.0,0.0,0.0,0.0,0.0,0.0,0.0,0.0,0.0,0.0,0.0,0.0,0.0,0.0,0.0,0.0,0.0,0.0,0.0,0.0,0.0,0.0,0.0,0.0,0.0,0.0,0.0,0.0,0.0,0.0,0.0,0.0,0.0,0.0,0.0,0.0,0.0,0.0,0.0,0.0,0.0
78721,2.0,3.0,24.0,1.0,67.0,35.0,0.0,0.0,5.0,0.0,21.0,0.0,0.0,10.0,49.0,59.0,67.0,17.0,1.0,5.0,2.0,0.0,153.0,108.0,98.0,1.0,6.0,47.0,0.0,67.0,21.0,35.0,119.0,49.0,2.0,1.0,0.0,2.0,23.0,13.0,0.0,217.0,1.0,8.0,58.0,1.0,0.0,10.0,10.0,2.0,1.0,5.0,36.0,7.0,19.0,1.0,0.0,0.0,0.0,108.0,0.0,0.0,12.0,4.0,6.0,4.0,0.0,0.0,0.0,0.0,12.0,0.0,0.0,0.0,48.0,5.0,3.0,3.0,14.0,0.0,14.0,4.0,18.0,0.0,0.0,6.0,2.0,1.0,427.0,48.0,0.0,23.0,2.0,10.0,0.0,0.0,34.0,0.0,8.0,113.0,2.0,53.0,1.0,4.0,7.0,0.0,7.0,5.0,0.0,1.0,0.0,1.0,4.0,1.0,31.0,0.0,0.0,0.0,0.0,0.0,0.0,4.0,0.0,0.0,0.0,3.0,0.0,0.0,100.0,4.0,7.0,0.0,5.0,0.0,0.0,43.0,14.0,0.0,1.0,2.0,1.0,55.0,2.0,8.0,6.0,29.0,0.0,0.0,0.0,1.0,0.0,3.0,1.0,0.0,11.0,2.0,32.0,0.0,0.0,0.0,0.0,0.0,5.0,28.0,1.0,0.0,2.0,1.0,33.0,11.0,0.0,205.0,1.0,0.0,0.0,0.0,17.0,30.0,6.0,8.0,10.0,6.0,28.0,2.0,17.0,3.0,15.0,14.0,0.0,3.0,0.0,0.0,0.0,0.0,30.0,2.0,1.0,0.0,0.0,1.0,0.0,11.0,1.0,0.0,2.0,0.0,4.0,30.0,1.0,0.0,0.0,0.0,8.0,1.0,0.0,3.0,0.0,0.0,0.0,2.0,0.0,8.0,1.0,0.0,1.0,0.0,0.0,2.0,0.0,2.0,1.0,1.0,1.0,0.0,1.0,0.0,0.0,0.0,0.0,0.0,0.0,0.0,0.0,0.0,0.0,0.0,0.0,0.0,0.0,0.0,0.0,1.0,0.0,0.0,0.0,0.0,0.0,0.0,0.0,0.0,0.0,0.0,0.0,0.0,0.0,1.0,1.0,1.0,1.0,1.0,1.0,0.0,0.0,0.0,0.0,0.0,0.0,0.0,0.0,0.0,0.0,0.0,0.0,0.0,0.0,0.0,0.0,0.0,0.0,0.0,0.0,0.0,0.0,0.0,0.0,0.0,0.0,0.0,0.0,0.0,0.0,0.0,0.0,0.0,0.0,0.0,0.0,0.0,0.0,0.0,0.0,0.0,0.0
78722,0.0,1.0,4.0,0.0,9.0,2.0,0.0,0.0,1.0,0.0,15.0,0.0,0.0,2.0,24.0,11.0,25.0,3.0,0.0,1.0,1.0,1.0,29.0,48.0,58.0,0.0,0.0,44.0,0.0,28.0,12.0,24.0,115.0,18.0,0.0,0.0,0.0,0.0,11.0,9.0,0.0,86.0,1.0,2.0,28.0,2.0,0.0,8.0,2.0,4.0,0.0,1.0,14.0,1.0,2.0,0.0,0.0,0.0,0.0,37.0,0.0,0.0,2.0,0.0,2.0,2.0,0.0,0.0,0.0,1.0,3.0,0.0,0.0,0.0,39.0,7.0,0.0,1.0,5.0,0.0,2.0,1.0,6.0,1.0,0.0,1.0,1.0,1.0,99.0,12.0,0.0,4.0,1.0,4.0,0.0,0.0,22.0,0.0,12.0,38.0,0.0,37.0,0.0,1.0,5.0,0.0,0.0,2.0,0.0,0.0,0.0,1.0,0.0,0.0,17.0,0.0,0.0,0.0,0.0,0.0,0.0,1.0,0.0,0.0,0.0,1.0,0.0,0.0,26.0,3.0,0.0,0.0,1.0,0.0,0.0,10.0,2.0,0.0,0.0,0.0,1.0,17.0,1.0,1.0,4.0,5.0,0.0,0.0,0.0,3.0,1.0,2.0,1.0,0.0,4.0,0.0,12.0,0.0,0.0,0.0,0.0,0.0,1.0,22.0,0.0,0.0,0.0,2.0,9.0,3.0,0.0,113.0,0.0,0.0,1.0,0.0,12.0,34.0,4.0,3.0,3.0,4.0,47.0,0.0,10.0,0.0,4.0,7.0,0.0,1.0,0.0,0.0,1.0,0.0,8.0,0.0,0.0,0.0,0.0,0.0,0.0,1.0,0.0,0.0,1.0,0.0,2.0,4.0,1.0,0.0,0.0,0.0,2.0,0.0,0.0,0.0,0.0,0.0,1.0,0.0,0.0,0.0,0.0,0.0,1.0,0.0,0.0,1.0,0.0,1.0,0.0,0.0,0.0,0.0,0.0,0.0,0.0,1.0,0.0,0.0,0.0,1.0,0.0,0.0,0.0,0.0,0.0,0.0,0.0,0.0,0.0,0.0,0.0,0.0,0.0,0.0,0.0,0.0,0.0,0.0,0.0,0.0,0.0,0.0,0.0,0.0,0.0,0.0,0.0,0.0,0.0,1.0,1.0,0.0,0.0,0.0,0.0,0.0,0.0,0.0,0.0,0.0,0.0,0.0,0.0,0.0,0.0,0.0,0.0,0.0,0.0,0.0,0.0,0.0,0.0,0.0,0.0,0.0,0.0,0.0,0.0,0.0,0.0,0.0,0.0,0.0,0.0,0.0,0.0,0.0,0.0,0.0,0.0
78723,1.0,7.0,71.0,4.0,147.0,68.0,1.0,1.0,8.0,1.0,116.0,0.0,1.0,7.0,143.0,78.0,176.0,25.0,4.0,10.0,5.0,7.0,373.0,282.0,406.0,2.0,9.0,187.0,11.0,247.0,60.0,118.0,566.0,94.0,5.0,2.0,0.0,5.0,43.0,70.0,3.0,569.0,4.0,35.0,188.0,8.0,3.0,41.0,16.0,10.0,8.0,6.0,75.0,43.0,82.0,6.0,0.0,0.0,0.0,243.0,0.0,2.0,31.0,11.0,8.0,14.0,1.0,4.0,0.0,1.0,20.0,1.0,0.0,0.0,130.0,24.0,2.0,3.0,21.0,0.0,25.0,12.0,29.0,2.0,2.0,21.0,10.0,4.0,1189.0,49.0,1.0,32.0,4.0,38.0,7.0,0.0,112.0,0.0,17.0,295.0,3.0,151.0,0.0,13.0,22.0,3.0,21.0,12.0,0.0,0.0,2.0,1.0,6.0,1.0,96.0,0.0,0.0,0.0,2.0,0.0,0.0,7.0,1.0,1.0,0.0,5.0,1.0,0.0,160.0,11.0,2.0,0.0,5.0,0.0,0.0,71.0,28.0,0.0,1.0,1.0,3.0,69.0,2.0,12.0,15.0,64.0,0.0,0.0,0.0,16.0,1.0,12.0,4.0,0.0,50.0,17.0,197.0,0.0,0.0,1.0,3.0,0.0,12.0,70.0,1.0,0.0,1.0,0.0,118.0,39.0,3.0,770.0,1.0,1.0,0.0,0.0,438.0,149.0,50.0,19.0,25.0,31.0,118.0,3.0,100.0,6.0,76.0,23.0,1.0,30.0,0.0,0.0,1.0,0.0,39.0,4.0,1.0,0.0,3.0,3.0,0.0,5.0,0.0,1.0,2.0,1.0,17.0,36.0,6.0,2.0,1.0,1.0,18.0,1.0,0.0,4.0,0.0,1.0,1.0,2.0,0.0,9.0,3.0,0.0,4.0,1.0,0.0,13.0,2.0,2.0,3.0,4.0,0.0,0.0,1.0,2.0,0.0,1.0,1.0,3.0,0.0,1.0,1.0,9.0,0.0,0.0,0.0,1.0,0.0,2.0,0.0,1.0,0.0,1.0,0.0,0.0,1.0,0.0,0.0,0.0,0.0,0.0,0.0,0.0,0.0,0.0,0.0,1.0,2.0,0.0,2.0,0.0,0.0,1.0,1.0,1.0,3.0,2.0,1.0,1.0,0.0,0.0,0.0,0.0,0.0,0.0,0.0,0.0,0.0,0.0,0.0,0.0,0.0,0.0,0.0,0.0,0.0,0.0,0.0,0.0,0.0,0.0,0.0,0.0,0.0,0.0,0.0,0.0,0.0,0.0,0.0,0.0,0.0
78724,1.0,2.0,27.0,1.0,58.0,29.0,0.0,0.0,0.0,0.0,25.0,0.0,0.0,10.0,51.0,41.0,64.0,8.0,2.0,1.0,5.0,0.0,142.0,87.0,111.0,0.0,2.0,33.0,0.0,60.0,13.0,33.0,138.0,44.0,3.0,1.0,0.0,0.0,30.0,18.0,0.0,177.0,0.0,10.0,50.0,0.0,1.0,5.0,9.0,2.0,3.0,5.0,28.0,26.0,19.0,1.0,0.0,0.0,0.0,98.0,0.0,0.0,12.0,4.0,0.0,8.0,0.0,2.0,0.0,1.0,10.0,0.0,1.0,4.0,48.0,9.0,2.0,0.0,9.0,0.0,7.0,8.0,13.0,1.0,0.0,3.0,2.0,4.0,419.0,46.0,0.0,18.0,2.0,5.0,2.0,2.0,30.0,0.0,5.0,86.0,0.0,50.0,3.0,0.0,1.0,3.0,1.0,4.0,0.0,1.0,0.0,1.0,2.0,1.0,20.0,0.0,0.0,0.0,0.0,0.0,0.0,4.0,3.0,0.0,0.0,6.0,0.0,0.0,49.0,4.0,2.0,0.0,0.0,0.0,0.0,14.0,9.0,0.0,0.0,1.0,0.0,45.0,0.0,12.0,2.0,12.0,0.0,0.0,0.0,5.0,0.0,5.0,1.0,0.0,17.0,2.0,65.0,0.0,0.0,0.0,3.0,0.0,3.0,22.0,0.0,0.0,2.0,4.0,26.0,18.0,0.0,192.0,0.0,1.0,1.0,0.0,11.0,23.0,12.0,5.0,9.0,6.0,7.0,5.0,20.0,3.0,5.0,9.0,0.0,5.0,0.0,0.0,0.0,0.0,20.0,2.0,1.0,0.0,0.0,7.0,0.0,4.0,0.0,0.0,0.0,0.0,9.0,14.0,6.0,0.0,0.0,1.0,3.0,0.0,0.0,5.0,0.0,0.0,0.0,0.0,1.0,9.0,1.0,0.0,0.0,0.0,1.0,4.0,0.0,0.0,1.0,1.0,0.0,0.0,0.0,1.0,0.0,1.0,0.0,1.0,0.0,0.0,0.0,2.0,0.0,0.0,0.0,2.0,0.0,0.0,0.0,0.0,0.0,0.0,0.0,0.0,0.0,0.0,0.0,0.0,0.0,0.0,0.0,0.0,0.0,0.0,0.0,0.0,0.0,0.0,1.0,0.0,0.0,0.0,0.0,2.0,0.0,1.0,0.0,0.0,1.0,0.0,0.0,0.0,0.0,0.0,0.0,0.0,0.0,0.0,0.0,0.0,0.0,0.0,0.0,0.0,0.0,0.0,0.0,0.0,0.0,0.0,0.0,0.0,0.0,0.0,0.0,0.0,0.0,0.0,0.0,0.0,0.0
78725,0.0,1.0,2.0,0.0,7.0,3.0,1.0,0.0,1.0,0.0,2.0,0.0,0.0,0.0,6.0,4.0,9.0,2.0,0.0,0.0,0.0,0.0,12.0,6.0,5.0,0.0,0.0,7.0,1.0,7.0,3.0,1.0,20.0,5.0,2.0,0.0,0.0,0.0,4.0,1.0,0.0,18.0,0.0,2.0,3.0,0.0,0.0,0.0,1.0,1.0,2.0,1.0,2.0,0.0,4.0,0.0,0.0,0.0,0.0,12.0,0.0,0.0,0.0,0.0,0.0,0.0,0.0,0.0,0.0,0.0,3.0,0.0,0.0,0.0,8.0,2.0,0.0,0.0,1.0,0.0,0.0,0.0,4.0,0.0,0.0,0.0,0.0,0.0,34.0,1.0,0.0,1.0,0.0,1.0,0.0,0.0,4.0,0.0,0.0,8.0,0.0,12.0,0.0,0.0,1.0,1.0,0.0,0.0,0.0,0.0,0.0,0.0,0.0,0.0,2.0,0.0,0.0,0.0,0.0,0.0,0.0,1.0,0.0,0.0,0.0,0.0,0.0,0.0,6.0,0.0,0.0,0.0,0.0,0.0,0.0,1.0,2.0,0.0,1.0,0.0,0.0,4.0,0.0,1.0,0.0,2.0,0.0,0.0,0.0,0.0,0.0,1.0,0.0,0.0,0.0,1.0,1.0,0.0,0.0,0.0,1.0,0.0,1.0,3.0,0.0,0.0,0.0,0.0,3.0,2.0,1.0,22.0,0.0,0.0,0.0,0.0,0.0,5.0,0.0,2.0,0.0,0.0,2.0,0.0,1.0,0.0,2.0,2.0,0.0,1.0,0.0,0.0,0.0,0.0,4.0,0.0,0.0,0.0,0.0,1.0,0.0,0.0,0.0,0.0,8.0,0.0,2.0,6.0,1.0,0.0,0.0,0.0,1.0,0.0,0.0,0.0,0.0,0.0,0.0,0.0,0.0,1.0,0.0,0.0,0.0,0.0,0.0,0.0,0.0,0.0,0.0,0.0,0.0,0.0,0.0,0.0,0.0,0.0,0.0,0.0,0.0,0.0,0.0,0.0,0.0,0.0,0.0,0.0,0.0,0.0,0.0,0.0,0.0,0.0,0.0,0.0,0.0,0.0,0.0,0.0,0.0,0.0,0.0,0.0,0.0,0.0,0.0,0.0,0.0,0.0,0.0,0.0,0.0,0.0,0.0,0.0,0.0,0.0,0.0,0.0,0.0,0.0,0.0,0.0,0.0,0.0,0.0,0.0,0.0,0.0,0.0,0.0,0.0,0.0,0.0,0.0,0.0,0.0,0.0,0.0,0.0,0.0,0.0,0.0,0.0,0.0,0.0,0.0,0.0,0.0,0.0,0.0,0.0
78726,0.0,0.0,11.0,0.0,9.0,13.0,0.0,0.0,0.0,0.0,2.0,0.0,0.0,1.0,14.0,12.0,14.0,5.0,0.0,1.0,1.0,0.0,62.0,9.0,49.0,0.0,3.0,13.0,0.0,22.0,20.0,32.0,70.0,13.0,2.0,2.0,0.0,1.0,1.0,13.0,0.0,72.0,0.0,4.0,12.0,0.0,0.0,0.0,2.0,0.0,0.0,0.0,19.0,3.0,8.0,0.0,0.0,0.0,0.0,23.0,0.0,0.0,1.0,1.0,0.0,0.0,0.0,0.0,0.0,0.0,4.0,0.0,0.0,1.0,14.0,3.0,1.0,2.0,3.0,0.0,1.0,0.0,0.0,0.0,0.0,0.0,0.0,0.0,262.0,24.0,0.0,2.0,6.0,15.0,0.0,0.0,29.0,0.0,0.0,50.0,0.0,61.0,0.0,0.0,1.0,0.0,0.0,1.0,0.0,0.0,0.0,0.0,0.0,0.0,30.0,0.0,0.0,0.0,0.0,0.0,0.0,2.0,0.0,0.0,1.0,2.0,0.0,0.0,3.0,1.0,0.0,0.0,0.0,0.0,0.0,3.0,0.0,0.0,0.0,0.0,1.0,2.0,0.0,3.0,0.0,4.0,0.0,0.0,0.0,2.0,0.0,2.0,0.0,0.0,2.0,0.0,15.0,0.0,0.0,0.0,2.0,0.0,2.0,13.0,0.0,0.0,0.0,1.0,8.0,4.0,0.0,78.0,0.0,0.0,0.0,0.0,54.0,15.0,3.0,5.0,1.0,4.0,11.0,0.0,14.0,0.0,2.0,8.0,1.0,2.0,0.0,0.0,1.0,0.0,3.0,0.0,0.0,0.0,0.0,1.0,0.0,0.0,0.0,0.0,0.0,0.0,8.0,7.0,0.0,0.0,0.0,0.0,1.0,0.0,0.0,0.0,1.0,0.0,0.0,1.0,0.0,0.0,0.0,0.0,0.0,0.0,0.0,0.0,1.0,0.0,0.0,3.0,0.0,0.0,0.0,3.0,0.0,1.0,0.0,0.0,0.0,0.0,0.0,1.0,0.0,0.0,0.0,0.0,0.0,0.0,0.0,0.0,0.0,0.0,0.0,0.0,0.0,0.0,0.0,0.0,0.0,0.0,0.0,0.0,0.0,0.0,0.0,0.0,0.0,0.0,0.0,1.0,0.0,0.0,0.0,0.0,0.0,0.0,0.0,0.0,0.0,1.0,0.0,0.0,0.0,0.0,0.0,0.0,0.0,0.0,0.0,0.0,0.0,0.0,0.0,0.0,0.0,0.0,0.0,0.0,0.0,0.0,0.0,0.0,0.0,0.0,0.0,0.0,0.0,0.0,0.0,0.0,0.0
78727,0.0,1.0,15.0,1.0,22.0,14.0,0.0,0.0,0.0,0.0,11.0,0.0,0.0,1.0,28.0,22.0,25.0,8.0,0.0,2.0,1.0,1.0,118.0,39.0,175.0,0.0,5.0,62.0,1.0,65.0,59.0,110.0,324.0,53.0,0.0,3.0,0.0,5.0,13.0,29.0,1.0,156.0,1.0,6.0,19.0,1.0,0.0,1.0,5.0,1.0,1.0,1.0,40.0,8.0,35.0,2.0,0.0,0.0,0.0,78.0,0.0,1.0,2.0,4.0,1.0,1.0,0.0,0.0,0.0,2.0,5.0,0.0,0.0,0.0,51.0,7.0,1.0,2.0,14.0,0.0,2.0,2.0,6.0,1.0,2.0,1.0,0.0,0.0,408.0,25.0,0.0,2.0,9.0,39.0,3.0,0.0,66.0,0.0,2.0,117.0,2.0,115.0,0.0,3.0,4.0,1.0,1.0,1.0,0.0,0.0,0.0,0.0,0.0,0.0,133.0,0.0,0.0,0.0,0.0,0.0,0.0,0.0,2.0,0.0,0.0,3.0,0.0,0.0,17.0,1.0,0.0,0.0,0.0,0.0,0.0,5.0,2.0,0.0,0.0,0.0,1.0,9.0,1.0,6.0,3.0,14.0,0.0,0.0,0.0,3.0,3.0,0.0,1.0,0.0,8.0,6.0,25.0,0.0,0.0,0.0,2.0,0.0,1.0,46.0,0.0,0.0,0.0,0.0,15.0,14.0,0.0,206.0,0.0,1.0,0.0,0.0,33.0,40.0,18.0,17.0,1.0,6.0,36.0,0.0,46.0,1.0,11.0,15.0,0.0,3.0,0.0,0.0,0.0,0.0,8.0,0.0,0.0,0.0,0.0,0.0,0.0,2.0,0.0,0.0,1.0,0.0,11.0,13.0,3.0,0.0,0.0,1.0,3.0,0.0,0.0,2.0,0.0,0.0,0.0,2.0,0.0,1.0,0.0,1.0,1.0,0.0,0.0,5.0,0.0,0.0,0.0,4.0,0.0,0.0,1.0,0.0,0.0,0.0,0.0,2.0,0.0,1.0,0.0,3.0,0.0,0.0,0.0,0.0,0.0,0.0,1.0,0.0,0.0,2.0,0.0,0.0,0.0,0.0,0.0,0.0,0.0,0.0,0.0,0.0,0.0,0.0,0.0,0.0,0.0,0.0,0.0,0.0,0.0,1.0,0.0,0.0,0.0,0.0,0.0,0.0,0.0,0.0,1.0,0.0,0.0,0.0,0.0,0.0,0.0,0.0,0.0,0.0,0.0,0.0,0.0,0.0,0.0,0.0,0.0,0.0,0.0,0.0,0.0,0.0,0.0,0.0,0.0,0.0,0.0,0.0,0.0,0.0,0.0
78728,0.0,0.0,1.0,0.0,1.0,0.0,0.0,0.0,0.0,0.0,0.0,0.0,0.0,0.0,2.0,0.0,5.0,1.0,0.0,0.0,0.0,0.0,4.0,3.0,7.0,0.0,0.0,4.0,0.0,1.0,0.0,1.0,9.0,3.0,0.0,0.0,0.0,0.0,3.0,6.0,0.0,6.0,0.0,0.0,0.0,0.0,0.0,0.0,1.0,0.0,0.0,0.0,2.0,0.0,5.0,1.0,0.0,0.0,0.0,6.0,0.0,0.0,0.0,1.0,0.0,0.0,0.0,0.0,0.0,0.0,2.0,0.0,0.0,0.0,8.0,3.0,1.0,0.0,0.0,0.0,0.0,0.0,0.0,0.0,0.0,0.0,0.0,0.0,2.0,0.0,0.0,0.0,0.0,1.0,0.0,0.0,2.0,0.0,0.0,10.0,0.0,4.0,0.0,1.0,0.0,0.0,1.0,0.0,0.0,0.0,0.0,0.0,0.0,0.0,1.0,0.0,0.0,0.0,0.0,0.0,0.0,0.0,0.0,0.0,0.0,0.0,0.0,0.0,0.0,0.0,0.0,0.0,0.0,0.0,0.0,0.0,0.0,0.0,0.0,0.0,1.0,1.0,0.0,0.0,1.0,1.0,0.0,0.0,0.0,0.0,0.0,0.0,0.0,0.0,0.0,0.0,0.0,0.0,0.0,0.0,0.0,0.0,1.0,0.0,0.0,0.0,0.0,0.0,1.0,1.0,0.0,7.0,0.0,0.0,0.0,0.0,0.0,2.0,0.0,0.0,0.0,1.0,0.0,0.0,1.0,0.0,1.0,0.0,0.0,0.0,0.0,0.0,0.0,0.0,0.0,0.0,0.0,0.0,0.0,0.0,0.0,0.0,0.0,0.0,0.0,0.0,1.0,0.0,0.0,0.0,0.0,0.0,1.0,0.0,0.0,0.0,0.0,0.0,0.0,0.0,0.0,0.0,0.0,0.0,0.0,0.0,0.0,0.0,0.0,0.0,0.0,0.0,0.0,0.0,1.0,0.0,0.0,0.0,0.0,0.0,0.0,0.0,0.0,0.0,0.0,0.0,0.0,0.0,0.0,0.0,0.0,0.0,0.0,1.0,0.0,0.0,0.0,0.0,0.0,0.0,0.0,0.0,0.0,0.0,0.0,0.0,0.0,0.0,0.0,0.0,0.0,0.0,0.0,0.0,0.0,0.0,0.0,0.0,0.0,0.0,0.0,0.0,0.0,0.0,0.0,0.0,0.0,0.0,0.0,0.0,0.0,0.0,0.0,0.0,0.0,0.0,0.0,0.0,0.0,0.0,0.0,0.0,0.0,0.0,0.0,0.0,0.0,0.0,0.0,0.0,0.0,0.0,0.0
78729,0.0,1.0,40.0,0.0,34.0,10.0,0.0,0.0,1.0,2.0,8.0,0.0,0.0,1.0,25.0,28.0,23.0,2.0,0.0,0.0,2.0,0.0,118.0,45.0,105.0,1.0,2.0,109.0,4.0,41.0,42.0,81.0,184.0,16.0,2.0,0.0,0.0,3.0,10.0,26.0,1.0,176.0,0.0,16.0,24.0,3.0,0.0,6.0,6.0,0.0,3.0,2.0,67.0,5.0,20.0,0.0,0.0,0.0,0.0,94.0,0.0,2.0,3.0,1.0,1.0,2.0,0.0,0.0,0.0,0.0,5.0,0.0,0.0,0.0,39.0,2.0,0.0,2.0,6.0,0.0,3.0,2.0,0.0,0.0,2.0,3.0,1.0,0.0,474.0,40.0,0.0,7.0,8.0,15.0,4.0,0.0,33.0,0.0,3.0,102.0,2.0,64.0,0.0,4.0,4.0,2.0,2.0,2.0,0.0,0.0,0.0,0.0,0.0,0.0,54.0,0.0,0.0,0.0,0.0,0.0,0.0,0.0,0.0,1.0,0.0,3.0,0.0,0.0,19.0,2.0,1.0,0.0,2.0,0.0,0.0,7.0,2.0,0.0,0.0,0.0,0.0,9.0,2.0,2.0,1.0,21.0,0.0,0.0,0.0,3.0,1.0,1.0,0.0,0.0,6.0,5.0,19.0,0.0,0.0,0.0,1.0,0.0,4.0,38.0,0.0,0.0,0.0,1.0,23.0,8.0,1.0,238.0,1.0,0.0,0.0,0.0,106.0,46.0,11.0,13.0,3.0,4.0,35.0,0.0,32.0,3.0,7.0,7.0,0.0,3.0,0.0,0.0,0.0,0.0,6.0,0.0,0.0,0.0,2.0,2.0,0.0,2.0,0.0,0.0,2.0,1.0,9.0,9.0,1.0,0.0,0.0,0.0,3.0,0.0,0.0,0.0,0.0,0.0,0.0,1.0,0.0,0.0,0.0,0.0,0.0,0.0,0.0,3.0,1.0,2.0,0.0,3.0,0.0,0.0,0.0,0.0,0.0,0.0,0.0,0.0,0.0,1.0,0.0,0.0,0.0,0.0,0.0,0.0,0.0,2.0,1.0,0.0,0.0,0.0,0.0,0.0,0.0,0.0,0.0,0.0,0.0,0.0,1.0,0.0,0.0,0.0,0.0,0.0,1.0,0.0,0.0,0.0,0.0,4.0,0.0,0.0,0.0,0.0,0.0,0.0,0.0,0.0,0.0,0.0,0.0,0.0,0.0,0.0,0.0,0.0,0.0,0.0,0.0,0.0,0.0,0.0,0.0,0.0,0.0,0.0,0.0,0.0,0.0,0.0,0.0,0.0,0.0,0.0,0.0,0.0,0.0,0.0,0.0
78730,0.0,0.0,3.0,0.0,1.0,2.0,0.0,0.0,0.0,0.0,0.0,0.0,0.0,0.0,3.0,5.0,8.0,1.0,0.0,0.0,1.0,1.0,13.0,2.0,23.0,0.0,2.0,9.0,0.0,6.0,6.0,51.0,117.0,0.0,0.0,1.0,0.0,0.0,1.0,12.0,0.0,23.0,0.0,3.0,4.0,0.0,0.0,0.0,0.0,1.0,0.0,0.0,4.0,0.0,2.0,0.0,0.0,0.0,0.0,10.0,0.0,0.0,1.0,0.0,0.0,0.0,0.0,0.0,0.0,0.0,0.0,0.0,0.0,0.0,6.0,1.0,0.0,0.0,1.0,0.0,0.0,0.0,0.0,0.0,0.0,0.0,0.0,1.0,50.0,11.0,0.0,0.0,0.0,4.0,0.0,0.0,12.0,0.0,3.0,16.0,0.0,37.0,0.0,0.0,1.0,0.0,0.0,0.0,0.0,0.0,0.0,0.0,0.0,0.0,10.0,0.0,0.0,0.0,0.0,0.0,0.0,0.0,0.0,0.0,0.0,2.0,0.0,0.0,0.0,0.0,0.0,0.0,0.0,0.0,0.0,0.0,0.0,0.0,0.0,0.0,0.0,0.0,0.0,0.0,0.0,1.0,0.0,0.0,0.0,0.0,0.0,0.0,0.0,0.0,0.0,0.0,30.0,0.0,0.0,0.0,0.0,0.0,0.0,11.0,0.0,0.0,0.0,0.0,5.0,0.0,1.0,38.0,0.0,0.0,0.0,0.0,1.0,2.0,4.0,2.0,1.0,0.0,2.0,0.0,2.0,0.0,7.0,2.0,0.0,0.0,0.0,0.0,0.0,0.0,1.0,0.0,0.0,0.0,0.0,0.0,0.0,0.0,0.0,0.0,0.0,0.0,1.0,5.0,0.0,0.0,0.0,0.0,0.0,0.0,0.0,0.0,0.0,0.0,0.0,0.0,0.0,0.0,0.0,0.0,0.0,0.0,0.0,0.0,0.0,0.0,0.0,0.0,0.0,0.0,0.0,0.0,0.0,0.0,0.0,0.0,0.0,0.0,0.0,0.0,0.0,0.0,0.0,0.0,0.0,0.0,0.0,0.0,0.0,0.0,0.0,0.0,0.0,0.0,0.0,0.0,0.0,0.0,0.0,0.0,0.0,0.0,0.0,0.0,0.0,0.0,0.0,0.0,0.0,0.0,0.0,0.0,0.0,0.0,0.0,0.0,0.0,0.0,0.0,1.0,0.0,0.0,0.0,0.0,0.0,0.0,0.0,0.0,0.0,0.0,0.0,0.0,0.0,0.0,0.0,0.0,0.0,0.0,0.0,0.0,0.0,0.0,0.0,0.0,0.0,0.0,0.0,0.0,0.0
78731,0.0,0.0,10.0,1.0,14.0,5.0,0.0,2.0,1.0,0.0,8.0,0.0,0.0,1.0,18.0,16.0,30.0,2.0,0.0,1.0,1.0,5.0,51.0,38.0,126.0,1.0,7.0,51.0,0.0,47.0,17.0,227.0,788.0,17.0,0.0,2.0,0.0,2.0,11.0,39.0,0.0,157.0,0.0,12.0,33.0,0.0,0.0,5.0,7.0,0.0,3.0,5.0,35.0,2.0,19.0,0.0,0.0,0.0,0.0,44.0,0.0,1.0,9.0,2.0,1.0,1.0,0.0,3.0,0.0,1.0,5.0,0.0,2.0,0.0,88.0,6.0,2.0,2.0,9.0,0.0,3.0,1.0,7.0,1.0,4.0,2.0,2.0,1.0,130.0,9.0,0.0,2.0,6.0,55.0,2.0,1.0,78.0,0.0,16.0,99.0,1.0,171.0,1.0,1.0,13.0,0.0,2.0,0.0,0.0,0.0,0.0,0.0,2.0,0.0,66.0,0.0,0.0,0.0,1.0,0.0,0.0,1.0,0.0,0.0,2.0,2.0,0.0,0.0,11.0,0.0,0.0,0.0,0.0,0.0,0.0,12.0,3.0,0.0,0.0,0.0,2.0,3.0,1.0,5.0,11.0,9.0,0.0,0.0,0.0,5.0,1.0,0.0,0.0,0.0,0.0,2.0,11.0,0.0,0.0,1.0,2.0,0.0,2.0,35.0,0.0,0.0,0.0,0.0,17.0,4.0,0.0,194.0,0.0,3.0,2.0,0.0,43.0,55.0,14.0,7.0,1.0,7.0,42.0,1.0,26.0,0.0,8.0,7.0,0.0,4.0,0.0,0.0,0.0,0.0,4.0,0.0,0.0,0.0,0.0,1.0,0.0,0.0,0.0,0.0,0.0,0.0,0.0,2.0,0.0,0.0,0.0,0.0,3.0,0.0,0.0,0.0,0.0,0.0,0.0,0.0,0.0,2.0,2.0,0.0,1.0,0.0,0.0,2.0,0.0,0.0,0.0,0.0,0.0,0.0,0.0,0.0,0.0,1.0,1.0,2.0,0.0,0.0,0.0,4.0,0.0,0.0,0.0,0.0,0.0,0.0,0.0,0.0,0.0,0.0,0.0,0.0,0.0,0.0,0.0,0.0,0.0,0.0,0.0,0.0,0.0,0.0,0.0,0.0,0.0,0.0,0.0,0.0,0.0,1.0,0.0,0.0,0.0,0.0,0.0,0.0,0.0,0.0,0.0,0.0,1.0,0.0,0.0,0.0,0.0,0.0,0.0,0.0,0.0,0.0,0.0,0.0,0.0,0.0,0.0,0.0,0.0,0.0,0.0,0.0,0.0,0.0,0.0,0.0,0.0,0.0,0.0,0.0,0.0
78732,0.0,0.0,0.0,0.0,1.0,0.0,0.0,0.0,0.0,0.0,0.0,0.0,0.0,0.0,0.0,0.0,1.0,0.0,0.0,0.0,0.0,0.0,1.0,3.0,0.0,0.0,0.0,0.0,0.0,0.0,0.0,0.0,2.0,0.0,0.0,0.0,0.0,0.0,0.0,1.0,0.0,1.0,0.0,0.0,0.0,0.0,0.0,0.0,0.0,0.0,0.0,0.0,2.0,0.0,1.0,0.0,0.0,0.0,0.0,2.0,0.0,0.0,0.0,0.0,0.0,0.0,0.0,0.0,0.0,0.0,1.0,0.0,0.0,0.0,3.0,0.0,1.0,1.0,2.0,0.0,0.0,0.0,0.0,0.0,0.0,0.0,0.0,0.0,3.0,0.0,0.0,0.0,0.0,0.0,0.0,0.0,4.0,0.0,0.0,1.0,0.0,2.0,0.0,0.0,0.0,0.0,0.0,0.0,0.0,0.0,0.0,0.0,0.0,0.0,0.0,0.0,0.0,0.0,0.0,0.0,0.0,0.0,0.0,0.0,0.0,0.0,0.0,0.0,0.0,0.0,0.0,0.0,0.0,0.0,0.0,0.0,0.0,0.0,0.0,0.0,0.0,0.0,0.0,0.0,0.0,2.0,0.0,0.0,0.0,1.0,0.0,0.0,0.0,0.0,0.0,0.0,0.0,0.0,0.0,0.0,1.0,0.0,0.0,0.0,0.0,0.0,0.0,0.0,0.0,0.0,0.0,4.0,0.0,0.0,0.0,0.0,3.0,0.0,0.0,0.0,0.0,0.0,0.0,0.0,0.0,0.0,1.0,0.0,0.0,0.0,0.0,0.0,0.0,0.0,0.0,0.0,0.0,0.0,0.0,0.0,0.0,0.0,0.0,0.0,0.0,0.0,0.0,0.0,0.0,0.0,0.0,0.0,0.0,0.0,0.0,0.0,0.0,0.0,0.0,0.0,0.0,0.0,0.0,0.0,0.0,0.0,0.0,0.0,0.0,0.0,0.0,0.0,0.0,0.0,0.0,0.0,0.0,0.0,0.0,0.0,0.0,0.0,0.0,0.0,0.0,0.0,0.0,0.0,0.0,0.0,0.0,0.0,0.0,0.0,0.0,0.0,0.0,0.0,0.0,0.0,0.0,0.0,0.0,0.0,0.0,0.0,0.0,0.0,0.0,0.0,0.0,0.0,0.0,0.0,0.0,0.0,0.0,0.0,0.0,0.0,0.0,0.0,0.0,0.0,0.0,0.0,0.0,0.0,0.0,0.0,0.0,0.0,0.0,0.0,0.0,0.0,0.0,0.0,0.0,0.0,0.0,0.0,0.0,0.0,0.0,0.0,0.0,0.0,0.0,0.0,0.0,0.0,0.0
78733,0.0,0.0,0.0,0.0,0.0,0.0,0.0,0.0,0.0,0.0,0.0,0.0,0.0,0.0,0.0,0.0,0.0,0.0,0.0,0.0,0.0,1.0,0.0,0.0,0.0,0.0,0.0,0.0,0.0,0.0,0.0,0.0,1.0,1.0,0.0,0.0,0.0,0.0,0.0,0.0,0.0,1.0,0.0,0.0,0.0,0.0,0.0,0.0,0.0,0.0,0.0,0.0,0.0,0.0,0.0,0.0,0.0,0.0,0.0,2.0,0.0,0.0,0.0,0.0,0.0,0.0,0.0,0.0,0.0,0.0,0.0,0.0,0.0,0.0,0.0,0.0,0.0,0.0,0.0,0.0,0.0,0.0,0.0,0.0,0.0,0.0,0.0,0.0,0.0,0.0,0.0,0.0,0.0,1.0,0.0,0.0,0.0,0.0,0.0,0.0,0.0,0.0,0.0,0.0,0.0,0.0,0.0,0.0,0.0,0.0,0.0,0.0,0.0,0.0,0.0,0.0,0.0,0.0,0.0,0.0,0.0,0.0,0.0,0.0,0.0,0.0,0.0,0.0,0.0,0.0,0.0,0.0,0.0,0.0,0.0,0.0,0.0,0.0,0.0,0.0,0.0,0.0,0.0,0.0,0.0,0.0,0.0,0.0,0.0,0.0,0.0,0.0,0.0,0.0,0.0,0.0,0.0,0.0,0.0,0.0,0.0,0.0,0.0,0.0,0.0,0.0,0.0,0.0,0.0,0.0,0.0,1.0,0.0,0.0,0.0,0.0,0.0,0.0,0.0,0.0,0.0,0.0,0.0,0.0,0.0,0.0,0.0,0.0,0.0,0.0,0.0,0.0,0.0,0.0,0.0,0.0,0.0,0.0,0.0,0.0,0.0,0.0,0.0,0.0,0.0,0.0,0.0,0.0,0.0,0.0,0.0,0.0,0.0,0.0,0.0,0.0,0.0,0.0,0.0,0.0,0.0,0.0,0.0,0.0,0.0,0.0,0.0,0.0,0.0,0.0,0.0,0.0,0.0,0.0,0.0,0.0,0.0,0.0,0.0,0.0,0.0,0.0,0.0,0.0,0.0,0.0,0.0,0.0,0.0,0.0,0.0,0.0,0.0,0.0,0.0,0.0,0.0,0.0,0.0,0.0,0.0,0.0,0.0,0.0,0.0,0.0,0.0,0.0,0.0,0.0,0.0,0.0,0.0,0.0,0.0,0.0,0.0,0.0,0.0,0.0,0.0,0.0,0.0,0.0,0.0,1.0,0.0,0.0,0.0,0.0,0.0,0.0,0.0,0.0,0.0,0.0,0.0,0.0,0.0,0.0,0.0,0.0,0.0,0.0,0.0,0.0,0.0,0.0,0.0,0.0,0.0,0.0,0.0
78734,0.0,0.0,0.0,0.0,0.0,0.0,0.0,0.0,0.0,0.0,0.0,0.0,0.0,0.0,0.0,0.0,0.0,0.0,0.0,0.0,0.0,0.0,0.0,0.0,0.0,0.0,0.0,0.0,0.0,0.0,0.0,0.0,0.0,0.0,0.0,0.0,0.0,0.0,0.0,0.0,0.0,0.0,0.0,0.0,0.0,0.0,0.0,0.0,0.0,0.0,0.0,0.0,0.0,0.0,0.0,0.0,0.0,0.0,0.0,0.0,0.0,0.0,0.0,0.0,0.0,0.0,0.0,0.0,0.0,0.0,0.0,0.0,0.0,0.0,0.0,0.0,0.0,0.0,0.0,0.0,0.0,0.0,0.0,0.0,1.0,0.0,0.0,0.0,0.0,0.0,0.0,0.0,0.0,0.0,0.0,0.0,2.0,0.0,0.0,0.0,0.0,0.0,0.0,0.0,0.0,0.0,0.0,0.0,0.0,0.0,0.0,0.0,0.0,0.0,0.0,0.0,0.0,0.0,0.0,0.0,0.0,0.0,0.0,0.0,0.0,0.0,0.0,0.0,0.0,0.0,0.0,0.0,0.0,0.0,0.0,0.0,0.0,0.0,0.0,0.0,0.0,0.0,0.0,0.0,0.0,0.0,0.0,0.0,0.0,0.0,0.0,0.0,0.0,0.0,0.0,0.0,0.0,0.0,0.0,0.0,0.0,0.0,0.0,0.0,0.0,0.0,0.0,0.0,0.0,0.0,0.0,0.0,0.0,0.0,0.0,0.0,0.0,0.0,0.0,0.0,0.0,0.0,0.0,0.0,0.0,0.0,0.0,0.0,0.0,0.0,0.0,0.0,0.0,0.0,0.0,0.0,0.0,0.0,0.0,0.0,0.0,0.0,0.0,0.0,0.0,0.0,0.0,0.0,0.0,0.0,0.0,0.0,0.0,0.0,0.0,0.0,0.0,0.0,0.0,0.0,0.0,0.0,0.0,0.0,0.0,0.0,0.0,0.0,0.0,0.0,0.0,0.0,0.0,0.0,0.0,0.0,0.0,0.0,0.0,0.0,0.0,0.0,0.0,0.0,0.0,0.0,0.0,0.0,0.0,0.0,0.0,0.0,0.0,0.0,0.0,0.0,0.0,0.0,0.0,0.0,0.0,0.0,0.0,0.0,0.0,0.0,0.0,0.0,0.0,0.0,0.0,0.0,0.0,0.0,0.0,0.0,0.0,0.0,0.0,0.0,0.0,0.0,0.0,0.0,0.0,0.0,0.0,0.0,0.0,0.0,0.0,0.0,0.0,0.0,0.0,0.0,0.0,0.0,0.0,0.0,0.0,0.0,0.0,0.0,0.0,0.0,0.0,0.0,0.0,0.0,0.0,0.0,0.0
78735,0.0,0.0,8.0,0.0,11.0,5.0,2.0,0.0,2.0,0.0,8.0,0.0,0.0,2.0,17.0,7.0,18.0,4.0,0.0,1.0,0.0,0.0,59.0,20.0,61.0,0.0,1.0,101.0,1.0,18.0,32.0,85.0,156.0,20.0,1.0,0.0,0.0,0.0,10.0,21.0,0.0,67.0,0.0,10.0,33.0,3.0,0.0,3.0,4.0,0.0,0.0,0.0,25.0,5.0,18.0,1.0,0.0,0.0,0.0,47.0,0.0,0.0,2.0,0.0,0.0,0.0,0.0,0.0,0.0,2.0,3.0,0.0,0.0,1.0,46.0,13.0,1.0,2.0,9.0,0.0,0.0,1.0,2.0,1.0,0.0,1.0,7.0,0.0,166.0,15.0,0.0,1.0,3.0,16.0,1.0,0.0,34.0,0.0,3.0,39.0,0.0,77.0,0.0,2.0,0.0,0.0,1.0,2.0,0.0,0.0,0.0,0.0,1.0,0.0,55.0,0.0,0.0,0.0,0.0,0.0,0.0,1.0,1.0,0.0,0.0,6.0,0.0,0.0,13.0,0.0,0.0,0.0,0.0,0.0,0.0,1.0,0.0,0.0,0.0,0.0,1.0,6.0,0.0,1.0,1.0,8.0,0.0,0.0,0.0,5.0,1.0,1.0,0.0,0.0,0.0,0.0,9.0,0.0,0.0,0.0,1.0,0.0,0.0,20.0,0.0,0.0,0.0,0.0,3.0,4.0,0.0,97.0,0.0,0.0,0.0,0.0,22.0,21.0,9.0,4.0,3.0,5.0,14.0,0.0,16.0,2.0,6.0,7.0,0.0,4.0,0.0,0.0,0.0,0.0,2.0,0.0,1.0,0.0,0.0,2.0,0.0,3.0,0.0,0.0,0.0,0.0,2.0,6.0,2.0,0.0,0.0,0.0,1.0,0.0,0.0,0.0,1.0,0.0,0.0,0.0,0.0,0.0,1.0,0.0,0.0,1.0,0.0,2.0,0.0,2.0,0.0,1.0,0.0,0.0,0.0,2.0,0.0,1.0,0.0,0.0,0.0,0.0,1.0,1.0,0.0,0.0,0.0,0.0,0.0,0.0,0.0,0.0,0.0,0.0,0.0,0.0,0.0,0.0,0.0,0.0,0.0,0.0,1.0,0.0,0.0,0.0,0.0,0.0,1.0,0.0,0.0,0.0,0.0,0.0,0.0,0.0,0.0,0.0,0.0,0.0,0.0,0.0,0.0,0.0,0.0,0.0,0.0,0.0,0.0,0.0,0.0,0.0,0.0,0.0,0.0,0.0,0.0,0.0,0.0,0.0,0.0,0.0,0.0,0.0,0.0,0.0,0.0,0.0,0.0,0.0,0.0,0.0,0.0
78736,0.0,0.0,7.0,0.0,4.0,2.0,0.0,0.0,1.0,0.0,2.0,0.0,0.0,1.0,5.0,4.0,16.0,3.0,0.0,0.0,0.0,0.0,32.0,9.0,20.0,0.0,0.0,14.0,0.0,12.0,4.0,26.0,39.0,12.0,0.0,2.0,0.0,0.0,0.0,6.0,1.0,21.0,0.0,2.0,7.0,0.0,0.0,2.0,1.0,0.0,0.0,1.0,14.0,1.0,9.0,0.0,0.0,0.0,0.0,17.0,0.0,0.0,1.0,0.0,1.0,0.0,0.0,1.0,0.0,0.0,1.0,0.0,0.0,0.0,8.0,5.0,0.0,0.0,1.0,0.0,0.0,0.0,0.0,0.0,0.0,0.0,0.0,0.0,67.0,5.0,0.0,1.0,0.0,8.0,0.0,0.0,10.0,0.0,2.0,14.0,0.0,24.0,0.0,1.0,0.0,0.0,1.0,0.0,0.0,0.0,0.0,0.0,0.0,0.0,15.0,0.0,0.0,0.0,0.0,0.0,0.0,0.0,1.0,0.0,0.0,3.0,0.0,0.0,3.0,0.0,0.0,0.0,0.0,0.0,0.0,1.0,0.0,0.0,0.0,0.0,2.0,0.0,0.0,0.0,0.0,1.0,0.0,0.0,0.0,1.0,0.0,0.0,0.0,0.0,0.0,0.0,4.0,0.0,0.0,0.0,1.0,0.0,0.0,1.0,0.0,0.0,0.0,0.0,3.0,0.0,1.0,28.0,0.0,0.0,0.0,0.0,2.0,4.0,2.0,2.0,1.0,2.0,6.0,1.0,6.0,4.0,2.0,2.0,0.0,2.0,0.0,0.0,0.0,0.0,1.0,0.0,0.0,0.0,0.0,0.0,0.0,0.0,1.0,0.0,0.0,0.0,0.0,1.0,1.0,0.0,0.0,0.0,0.0,0.0,0.0,0.0,0.0,0.0,0.0,0.0,0.0,0.0,0.0,0.0,0.0,0.0,0.0,1.0,0.0,0.0,0.0,0.0,0.0,0.0,0.0,0.0,0.0,0.0,0.0,0.0,0.0,0.0,0.0,0.0,0.0,0.0,0.0,0.0,0.0,0.0,0.0,0.0,0.0,0.0,0.0,0.0,0.0,0.0,0.0,0.0,0.0,0.0,0.0,0.0,0.0,0.0,0.0,0.0,0.0,0.0,0.0,0.0,0.0,0.0,0.0,0.0,0.0,0.0,0.0,0.0,0.0,0.0,0.0,0.0,0.0,0.0,0.0,0.0,0.0,0.0,0.0,0.0,0.0,0.0,0.0,0.0,0.0,0.0,0.0,0.0,0.0,0.0,0.0,0.0,0.0,0.0,0.0,0.0,0.0,0.0,0.0,0.0,0.0
78737,0.0,0.0,0.0,0.0,1.0,0.0,0.0,0.0,0.0,0.0,1.0,0.0,0.0,0.0,0.0,0.0,0.0,0.0,0.0,0.0,0.0,0.0,0.0,3.0,0.0,0.0,0.0,1.0,0.0,0.0,1.0,0.0,0.0,0.0,0.0,0.0,0.0,0.0,0.0,0.0,0.0,2.0,0.0,0.0,0.0,0.0,0.0,0.0,0.0,0.0,2.0,1.0,0.0,0.0,0.0,0.0,0.0,0.0,0.0,1.0,1.0,0.0,0.0,0.0,0.0,0.0,0.0,0.0,0.0,0.0,1.0,0.0,0.0,0.0,2.0,0.0,0.0,0.0,0.0,0.0,0.0,0.0,0.0,0.0,0.0,0.0,0.0,0.0,1.0,0.0,0.0,0.0,0.0,0.0,0.0,0.0,2.0,0.0,0.0,1.0,0.0,2.0,0.0,0.0,0.0,0.0,0.0,0.0,0.0,0.0,0.0,0.0,0.0,0.0,1.0,0.0,0.0,0.0,0.0,0.0,0.0,0.0,0.0,0.0,0.0,0.0,0.0,0.0,0.0,0.0,0.0,0.0,0.0,0.0,0.0,1.0,0.0,0.0,0.0,0.0,0.0,1.0,0.0,0.0,0.0,1.0,0.0,0.0,0.0,0.0,0.0,0.0,0.0,0.0,0.0,0.0,0.0,0.0,0.0,0.0,0.0,0.0,0.0,2.0,0.0,0.0,0.0,0.0,2.0,0.0,0.0,1.0,0.0,0.0,0.0,0.0,0.0,1.0,0.0,0.0,0.0,0.0,0.0,2.0,0.0,0.0,0.0,0.0,0.0,0.0,0.0,0.0,0.0,0.0,0.0,0.0,0.0,0.0,0.0,0.0,0.0,0.0,0.0,0.0,0.0,0.0,0.0,0.0,0.0,0.0,0.0,0.0,0.0,0.0,0.0,0.0,0.0,0.0,0.0,0.0,0.0,0.0,0.0,0.0,0.0,0.0,0.0,0.0,0.0,0.0,0.0,0.0,0.0,0.0,0.0,0.0,0.0,0.0,0.0,0.0,0.0,0.0,0.0,0.0,0.0,0.0,0.0,0.0,0.0,0.0,0.0,0.0,0.0,0.0,0.0,0.0,0.0,0.0,0.0,0.0,0.0,0.0,0.0,0.0,0.0,0.0,0.0,0.0,0.0,0.0,0.0,0.0,0.0,0.0,0.0,0.0,0.0,0.0,0.0,0.0,0.0,0.0,0.0,0.0,0.0,0.0,0.0,0.0,0.0,0.0,0.0,0.0,0.0,0.0,0.0,0.0,0.0,0.0,0.0,0.0,0.0,0.0,0.0,0.0,0.0,0.0,0.0,0.0,0.0,0.0,0.0,0.0,0.0
78738,0.0,0.0,0.0,0.0,0.0,0.0,0.0,0.0,0.0,0.0,0.0,0.0,0.0,0.0,1.0,0.0,0.0,0.0,0.0,0.0,0.0,0.0,0.0,0.0,0.0,0.0,0.0,0.0,0.0,0.0,0.0,0.0,0.0,0.0,0.0,0.0,0.0,0.0,0.0,0.0,0.0,0.0,0.0,0.0,0.0,0.0,0.0,0.0,0.0,0.0,0.0,0.0,0.0,0.0,0.0,0.0,0.0,0.0,0.0,0.0,0.0,0.0,0.0,0.0,0.0,0.0,0.0,0.0,0.0,0.0,0.0,0.0,0.0,0.0,0.0,0.0,0.0,0.0,0.0,0.0,0.0,0.0,0.0,0.0,0.0,0.0,0.0,0.0,0.0,0.0,0.0,0.0,0.0,0.0,0.0,0.0,0.0,0.0,0.0,0.0,0.0,1.0,0.0,0.0,0.0,0.0,0.0,0.0,0.0,0.0,0.0,0.0,0.0,0.0,0.0,0.0,0.0,0.0,0.0,0.0,0.0,0.0,0.0,0.0,0.0,0.0,0.0,0.0,0.0,0.0,0.0,0.0,0.0,0.0,0.0,0.0,0.0,0.0,0.0,0.0,0.0,0.0,0.0,0.0,0.0,0.0,0.0,0.0,0.0,0.0,0.0,0.0,0.0,0.0,0.0,0.0,0.0,0.0,0.0,0.0,0.0,0.0,1.0,0.0,0.0,0.0,0.0,0.0,0.0,0.0,0.0,0.0,0.0,1.0,0.0,0.0,0.0,0.0,0.0,0.0,0.0,0.0,0.0,0.0,1.0,0.0,0.0,0.0,0.0,0.0,0.0,0.0,0.0,0.0,0.0,0.0,0.0,0.0,0.0,0.0,0.0,0.0,0.0,0.0,0.0,0.0,0.0,0.0,0.0,0.0,0.0,0.0,0.0,0.0,0.0,0.0,0.0,0.0,0.0,0.0,0.0,0.0,0.0,0.0,0.0,0.0,0.0,0.0,0.0,0.0,0.0,0.0,0.0,0.0,0.0,0.0,0.0,0.0,0.0,0.0,0.0,0.0,0.0,0.0,0.0,0.0,0.0,0.0,0.0,0.0,0.0,0.0,0.0,0.0,0.0,0.0,0.0,0.0,0.0,0.0,0.0,0.0,0.0,0.0,0.0,0.0,0.0,0.0,0.0,0.0,0.0,0.0,0.0,0.0,0.0,0.0,0.0,0.0,0.0,0.0,0.0,0.0,0.0,0.0,0.0,0.0,0.0,0.0,0.0,0.0,0.0,0.0,0.0,0.0,0.0,0.0,0.0,0.0,0.0,0.0,0.0,0.0,0.0,0.0,0.0,0.0,0.0,0.0,0.0,0.0,0.0,0.0,0.0
78739,0.0,0.0,0.0,0.0,1.0,0.0,0.0,0.0,0.0,0.0,1.0,0.0,0.0,1.0,6.0,5.0,7.0,2.0,0.0,0.0,0.0,1.0,8.0,4.0,24.0,0.0,2.0,1.0,0.0,8.0,0.0,30.0,39.0,37.0,0.0,0.0,0.0,0.0,0.0,13.0,0.0,14.0,0.0,2.0,1.0,0.0,0.0,0.0,0.0,0.0,1.0,0.0,2.0,1.0,5.0,0.0,0.0,0.0,0.0,7.0,0.0,0.0,0.0,0.0,0.0,0.0,0.0,1.0,0.0,0.0,0.0,0.0,0.0,0.0,8.0,0.0,1.0,1.0,1.0,0.0,0.0,1.0,1.0,0.0,0.0,0.0,1.0,0.0,47.0,10.0,0.0,0.0,1.0,8.0,0.0,0.0,18.0,0.0,0.0,12.0,0.0,80.0,0.0,0.0,1.0,0.0,2.0,0.0,0.0,0.0,0.0,0.0,0.0,0.0,13.0,0.0,0.0,0.0,0.0,0.0,0.0,1.0,0.0,0.0,2.0,2.0,0.0,0.0,3.0,0.0,0.0,0.0,0.0,0.0,0.0,0.0,0.0,0.0,0.0,0.0,0.0,1.0,0.0,0.0,0.0,0.0,0.0,0.0,0.0,0.0,0.0,0.0,0.0,0.0,0.0,0.0,7.0,0.0,0.0,0.0,0.0,0.0,0.0,12.0,0.0,0.0,0.0,0.0,2.0,2.0,0.0,26.0,0.0,0.0,0.0,0.0,0.0,0.0,0.0,0.0,0.0,0.0,1.0,0.0,5.0,0.0,0.0,0.0,0.0,4.0,0.0,0.0,0.0,0.0,0.0,0.0,0.0,0.0,0.0,0.0,0.0,0.0,0.0,0.0,0.0,0.0,0.0,1.0,0.0,0.0,0.0,0.0,0.0,0.0,0.0,0.0,0.0,0.0,0.0,0.0,0.0,0.0,0.0,0.0,0.0,0.0,0.0,0.0,0.0,1.0,0.0,1.0,0.0,0.0,0.0,0.0,0.0,0.0,0.0,0.0,0.0,0.0,0.0,0.0,0.0,0.0,0.0,0.0,0.0,0.0,0.0,0.0,1.0,0.0,0.0,0.0,0.0,0.0,0.0,0.0,0.0,0.0,0.0,0.0,0.0,0.0,0.0,0.0,0.0,0.0,0.0,0.0,0.0,0.0,0.0,0.0,0.0,0.0,0.0,0.0,0.0,0.0,0.0,0.0,0.0,0.0,0.0,0.0,0.0,0.0,0.0,0.0,0.0,0.0,0.0,0.0,0.0,0.0,0.0,0.0,0.0,0.0,0.0,0.0,0.0,0.0,0.0,0.0,0.0,0.0,0.0,0.0,0.0
78741,3.0,14.0,133.0,6.0,227.0,86.0,2.0,1.0,9.0,3.0,152.0,0.0,1.0,18.0,218.0,222.0,246.0,40.0,2.0,8.0,13.0,5.0,594.0,363.0,737.0,3.0,10.0,257.0,8.0,426.0,150.0,243.0,1047.0,97.0,14.0,3.0,0.0,9.0,111.0,83.0,2.0,780.0,1.0,26.0,414.0,14.0,5.0,83.0,36.0,15.0,8.0,12.0,238.0,58.0,75.0,27.0,1.0,0.0,0.0,354.0,0.0,3.0,42.0,27.0,9.0,38.0,2.0,2.0,0.0,11.0,44.0,0.0,1.0,1.0,291.0,63.0,7.0,15.0,41.0,0.0,41.0,13.0,56.0,0.0,1.0,37.0,6.0,4.0,1914.0,77.0,0.0,34.0,4.0,41.0,3.0,1.0,158.0,0.0,34.0,425.0,11.0,184.0,1.0,21.0,47.0,4.0,17.0,11.0,0.0,3.0,1.0,0.0,5.0,0.0,233.0,0.0,0.0,0.0,0.0,0.0,0.0,13.0,2.0,1.0,3.0,10.0,1.0,0.0,272.0,14.0,13.0,1.0,2.0,0.0,0.0,119.0,38.0,0.0,1.0,4.0,5.0,139.0,3.0,21.0,19.0,121.0,3.0,1.0,0.0,15.0,1.0,26.0,4.0,0.0,45.0,19.0,100.0,0.0,0.0,0.0,4.0,0.0,19.0,127.0,1.0,0.0,4.0,3.0,74.0,30.0,0.0,947.0,0.0,1.0,1.0,0.0,147.0,166.0,57.0,37.0,48.0,46.0,227.0,9.0,126.0,8.0,51.0,29.0,4.0,18.0,1.0,0.0,0.0,1.0,60.0,1.0,1.0,1.0,3.0,14.0,0.0,19.0,0.0,0.0,6.0,1.0,54.0,51.0,7.0,1.0,0.0,0.0,12.0,0.0,0.0,10.0,1.0,0.0,0.0,2.0,0.0,6.0,2.0,0.0,1.0,1.0,2.0,7.0,1.0,7.0,4.0,5.0,0.0,1.0,4.0,7.0,0.0,4.0,2.0,1.0,0.0,3.0,0.0,4.0,0.0,0.0,0.0,0.0,1.0,1.0,0.0,1.0,2.0,0.0,0.0,0.0,1.0,0.0,0.0,0.0,0.0,0.0,1.0,0.0,0.0,0.0,0.0,0.0,3.0,1.0,0.0,0.0,0.0,1.0,0.0,1.0,0.0,1.0,0.0,0.0,0.0,1.0,0.0,0.0,0.0,0.0,1.0,1.0,1.0,1.0,1.0,1.0,1.0,1.0,0.0,0.0,0.0,0.0,0.0,0.0,0.0,0.0,0.0,0.0,0.0,0.0,0.0,0.0,0.0,0.0,0.0,0.0,0.0
78742,2.0,0.0,2.0,0.0,3.0,0.0,0.0,0.0,0.0,0.0,3.0,0.0,0.0,0.0,3.0,1.0,1.0,1.0,0.0,0.0,0.0,0.0,7.0,10.0,14.0,0.0,0.0,11.0,0.0,2.0,0.0,3.0,11.0,3.0,0.0,0.0,0.0,0.0,1.0,2.0,0.0,12.0,0.0,0.0,3.0,0.0,0.0,0.0,0.0,0.0,1.0,0.0,0.0,0.0,1.0,0.0,0.0,0.0,0.0,4.0,0.0,0.0,2.0,0.0,0.0,0.0,0.0,0.0,0.0,0.0,1.0,0.0,0.0,0.0,15.0,4.0,0.0,1.0,0.0,0.0,2.0,2.0,2.0,0.0,0.0,1.0,0.0,0.0,24.0,1.0,0.0,1.0,0.0,0.0,0.0,0.0,3.0,0.0,2.0,6.0,0.0,3.0,0.0,0.0,0.0,0.0,0.0,0.0,0.0,0.0,0.0,0.0,0.0,1.0,1.0,0.0,0.0,0.0,0.0,0.0,0.0,0.0,0.0,0.0,0.0,0.0,0.0,0.0,4.0,0.0,0.0,0.0,0.0,0.0,0.0,1.0,0.0,0.0,0.0,0.0,0.0,1.0,0.0,0.0,1.0,0.0,0.0,0.0,0.0,0.0,7.0,0.0,0.0,0.0,2.0,0.0,0.0,0.0,0.0,0.0,0.0,0.0,0.0,2.0,0.0,0.0,0.0,0.0,1.0,0.0,0.0,26.0,0.0,0.0,0.0,0.0,0.0,3.0,2.0,0.0,0.0,1.0,0.0,0.0,2.0,0.0,1.0,1.0,0.0,2.0,0.0,0.0,0.0,0.0,2.0,0.0,0.0,0.0,0.0,0.0,0.0,0.0,0.0,0.0,0.0,0.0,0.0,0.0,0.0,0.0,0.0,0.0,0.0,0.0,0.0,0.0,0.0,0.0,0.0,0.0,0.0,0.0,0.0,0.0,0.0,0.0,0.0,0.0,0.0,0.0,0.0,0.0,0.0,0.0,0.0,0.0,0.0,1.0,0.0,0.0,0.0,0.0,0.0,0.0,0.0,0.0,0.0,0.0,0.0,0.0,0.0,0.0,0.0,0.0,0.0,0.0,0.0,0.0,0.0,0.0,0.0,0.0,0.0,0.0,0.0,0.0,0.0,0.0,0.0,0.0,0.0,0.0,0.0,0.0,0.0,0.0,0.0,0.0,0.0,0.0,0.0,0.0,0.0,0.0,0.0,0.0,0.0,0.0,0.0,0.0,0.0,0.0,0.0,0.0,0.0,0.0,0.0,0.0,0.0,0.0,0.0,0.0,0.0,0.0,0.0,0.0,0.0,0.0,0.0,0.0,0.0,0.0,0.0
78744,4.0,8.0,65.0,4.0,117.0,63.0,0.0,3.0,1.0,0.0,73.0,0.0,0.0,21.0,108.0,135.0,123.0,40.0,1.0,6.0,7.0,6.0,451.0,179.0,425.0,3.0,8.0,158.0,8.0,126.0,51.0,300.0,492.0,145.0,9.0,8.0,0.0,3.0,72.0,69.0,1.0,528.0,2.0,56.0,162.0,15.0,4.0,42.0,28.0,3.0,7.0,13.0,138.0,71.0,69.0,7.0,1.0,0.0,0.0,196.0,1.0,0.0,43.0,16.0,6.0,14.0,2.0,2.0,0.0,1.0,22.0,0.0,1.0,0.0,194.0,46.0,10.0,3.0,33.0,0.0,32.0,13.0,31.0,0.0,5.0,14.0,1.0,5.0,1650.0,97.0,0.0,38.0,3.0,32.0,2.0,1.0,131.0,0.0,10.0,264.0,6.0,155.0,2.0,12.0,11.0,0.0,10.0,4.0,0.0,0.0,0.0,0.0,1.0,1.0,88.0,0.0,0.0,0.0,0.0,0.0,0.0,9.0,2.0,1.0,0.0,10.0,2.0,0.0,147.0,9.0,3.0,0.0,3.0,1.0,0.0,53.0,21.0,0.0,1.0,0.0,5.0,96.0,2.0,19.0,9.0,42.0,0.0,0.0,0.0,6.0,6.0,7.0,4.0,0.0,15.0,8.0,177.0,0.0,0.0,0.0,3.0,0.0,7.0,85.0,1.0,0.0,0.0,1.0,61.0,24.0,0.0,553.0,1.0,1.0,1.0,0.0,105.0,144.0,55.0,23.0,16.0,32.0,32.0,9.0,83.0,27.0,44.0,73.0,3.0,20.0,1.0,0.0,0.0,1.0,35.0,1.0,0.0,0.0,4.0,8.0,0.0,13.0,0.0,0.0,7.0,2.0,28.0,54.0,9.0,0.0,0.0,0.0,11.0,1.0,0.0,4.0,0.0,0.0,0.0,2.0,0.0,16.0,5.0,0.0,1.0,0.0,2.0,4.0,2.0,2.0,0.0,3.0,0.0,0.0,2.0,2.0,0.0,2.0,1.0,1.0,0.0,0.0,0.0,3.0,0.0,0.0,0.0,1.0,0.0,0.0,0.0,0.0,0.0,2.0,0.0,0.0,2.0,0.0,0.0,0.0,0.0,0.0,0.0,1.0,0.0,0.0,0.0,0.0,4.0,1.0,2.0,0.0,0.0,0.0,1.0,0.0,0.0,1.0,0.0,1.0,0.0,1.0,0.0,0.0,0.0,0.0,0.0,0.0,0.0,0.0,0.0,0.0,0.0,1.0,1.0,1.0,0.0,0.0,0.0,0.0,0.0,0.0,0.0,0.0,0.0,0.0,0.0,0.0,0.0,0.0,0.0,0.0,0.0
78745,3.0,7.0,79.0,6.0,143.0,40.0,2.0,1.0,8.0,0.0,48.0,0.0,0.0,20.0,163.0,119.0,222.0,38.0,1.0,7.0,6.0,18.0,430.0,306.0,442.0,0.0,12.0,277.0,14.0,201.0,139.0,453.0,523.0,157.0,7.0,6.0,0.0,7.0,74.0,91.0,1.0,582.0,3.0,61.0,180.0,2.0,7.0,47.0,23.0,6.0,8.0,15.0,170.0,31.0,80.0,8.0,0.0,0.0,0.0,331.0,0.0,0.0,10.0,15.0,14.0,8.0,1.0,0.0,0.0,1.0,29.0,0.0,2.0,3.0,181.0,50.0,5.0,9.0,64.0,1.0,14.0,9.0,28.0,1.0,2.0,17.0,4.0,2.0,1449.0,60.0,3.0,25.0,9.0,62.0,11.0,0.0,169.0,0.0,24.0,277.0,8.0,259.0,4.0,7.0,25.0,1.0,6.0,6.0,0.0,0.0,2.0,0.0,5.0,0.0,145.0,0.0,0.0,0.0,0.0,1.0,0.0,5.0,3.0,1.0,2.0,12.0,0.0,0.0,160.0,12.0,6.0,0.0,4.0,0.0,0.0,60.0,10.0,0.0,0.0,2.0,6.0,67.0,1.0,21.0,26.0,129.0,0.0,0.0,0.0,12.0,1.0,16.0,0.0,0.0,30.0,11.0,110.0,0.0,0.0,1.0,0.0,0.0,9.0,139.0,2.0,1.0,1.0,1.0,85.0,21.0,2.0,689.0,1.0,1.0,0.0,0.0,178.0,145.0,49.0,29.0,25.0,25.0,119.0,3.0,103.0,10.0,40.0,61.0,2.0,49.0,0.0,0.0,0.0,1.0,30.0,0.0,1.0,0.0,5.0,6.0,0.0,7.0,0.0,2.0,4.0,2.0,22.0,48.0,5.0,2.0,0.0,0.0,23.0,0.0,0.0,6.0,0.0,0.0,0.0,0.0,0.0,8.0,3.0,0.0,9.0,0.0,0.0,12.0,2.0,2.0,0.0,1.0,0.0,1.0,1.0,5.0,0.0,7.0,0.0,2.0,0.0,0.0,0.0,2.0,0.0,0.0,0.0,1.0,0.0,0.0,1.0,1.0,0.0,3.0,0.0,0.0,0.0,0.0,0.0,0.0,0.0,0.0,1.0,0.0,0.0,0.0,0.0,1.0,2.0,1.0,2.0,0.0,0.0,2.0,1.0,0.0,0.0,0.0,0.0,0.0,0.0,0.0,0.0,0.0,0.0,0.0,0.0,0.0,0.0,0.0,0.0,0.0,0.0,1.0,0.0,0.0,1.0,2.0,2.0,2.0,1.0,0.0,0.0,0.0,0.0,0.0,0.0,0.0,0.0,0.0,0.0,0.0,0.0
78746,0.0,0.0,3.0,0.0,10.0,5.0,0.0,1.0,0.0,0.0,5.0,0.0,0.0,1.0,16.0,5.0,16.0,1.0,0.0,1.0,0.0,0.0,26.0,23.0,88.0,0.0,5.0,31.0,0.0,27.0,13.0,252.0,348.0,10.0,1.0,1.0,0.0,1.0,11.0,30.0,0.0,68.0,1.0,4.0,14.0,0.0,0.0,0.0,2.0,0.0,2.0,7.0,9.0,1.0,18.0,0.0,0.0,0.0,0.0,33.0,0.0,0.0,1.0,3.0,1.0,0.0,1.0,0.0,0.0,1.0,4.0,0.0,1.0,2.0,45.0,10.0,0.0,3.0,12.0,0.0,1.0,1.0,1.0,0.0,0.0,1.0,2.0,0.0,78.0,15.0,0.0,0.0,1.0,19.0,1.0,0.0,41.0,0.0,8.0,49.0,1.0,83.0,2.0,0.0,4.0,0.0,0.0,0.0,0.0,0.0,0.0,0.0,0.0,0.0,34.0,0.0,0.0,0.0,0.0,0.0,0.0,1.0,0.0,0.0,0.0,8.0,0.0,7.0,9.0,2.0,0.0,0.0,0.0,0.0,2.0,1.0,1.0,0.0,0.0,0.0,1.0,7.0,0.0,3.0,3.0,6.0,0.0,0.0,0.0,0.0,1.0,1.0,0.0,0.0,3.0,2.0,8.0,0.0,0.0,0.0,1.0,0.0,1.0,21.0,1.0,0.0,0.0,0.0,13.0,4.0,1.0,208.0,0.0,0.0,0.0,0.0,84.0,34.0,7.0,7.0,144.0,2.0,25.0,0.0,15.0,2.0,6.0,5.0,0.0,21.0,0.0,0.0,0.0,0.0,4.0,2.0,1.0,0.0,1.0,0.0,0.0,0.0,0.0,0.0,0.0,0.0,2.0,1.0,1.0,1.0,0.0,0.0,1.0,0.0,0.0,0.0,1.0,0.0,0.0,0.0,1.0,0.0,1.0,0.0,0.0,0.0,0.0,0.0,0.0,0.0,0.0,1.0,0.0,0.0,1.0,0.0,0.0,1.0,0.0,2.0,0.0,3.0,0.0,0.0,0.0,0.0,0.0,0.0,0.0,0.0,0.0,0.0,0.0,1.0,0.0,0.0,0.0,0.0,0.0,0.0,0.0,0.0,0.0,0.0,0.0,0.0,0.0,0.0,0.0,0.0,0.0,0.0,1.0,0.0,0.0,0.0,0.0,1.0,0.0,0.0,0.0,0.0,0.0,0.0,0.0,0.0,0.0,0.0,0.0,0.0,0.0,0.0,0.0,0.0,0.0,0.0,0.0,0.0,0.0,0.0,0.0,1.0,1.0,0.0,0.0,0.0,0.0,0.0,0.0,0.0,0.0,0.0,0.0
78747,0.0,1.0,10.0,1.0,11.0,8.0,2.0,0.0,0.0,0.0,8.0,0.0,0.0,0.0,4.0,28.0,24.0,7.0,0.0,2.0,0.0,0.0,92.0,31.0,43.0,0.0,3.0,23.0,3.0,41.0,7.0,73.0,79.0,42.0,1.0,0.0,0.0,2.0,8.0,14.0,0.0,61.0,0.0,6.0,9.0,0.0,0.0,3.0,4.0,0.0,0.0,2.0,24.0,14.0,14.0,3.0,0.0,0.0,0.0,36.0,0.0,0.0,2.0,1.0,0.0,0.0,0.0,2.0,0.0,0.0,4.0,0.0,0.0,0.0,24.0,6.0,2.0,1.0,9.0,0.0,1.0,0.0,1.0,0.0,0.0,0.0,0.0,2.0,360.0,20.0,0.0,4.0,1.0,7.0,0.0,0.0,39.0,0.0,1.0,59.0,1.0,75.0,1.0,1.0,2.0,1.0,3.0,1.0,0.0,0.0,0.0,0.0,0.0,0.0,33.0,0.0,0.0,0.0,0.0,0.0,0.0,2.0,0.0,0.0,0.0,5.0,0.0,0.0,10.0,0.0,0.0,0.0,0.0,0.0,0.0,3.0,0.0,0.0,0.0,0.0,0.0,11.0,0.0,1.0,0.0,7.0,0.0,0.0,0.0,0.0,2.0,0.0,0.0,0.0,0.0,0.0,33.0,0.0,0.0,0.0,3.0,0.0,0.0,20.0,0.0,0.0,0.0,0.0,11.0,2.0,0.0,73.0,0.0,1.0,0.0,0.0,2.0,13.0,3.0,3.0,3.0,2.0,3.0,1.0,6.0,2.0,4.0,11.0,0.0,4.0,0.0,0.0,0.0,0.0,2.0,0.0,0.0,0.0,0.0,0.0,0.0,3.0,2.0,0.0,0.0,0.0,3.0,8.0,1.0,0.0,0.0,0.0,0.0,0.0,0.0,1.0,0.0,0.0,0.0,0.0,0.0,0.0,0.0,0.0,0.0,0.0,0.0,0.0,0.0,0.0,0.0,2.0,0.0,0.0,1.0,2.0,0.0,1.0,0.0,0.0,0.0,0.0,0.0,0.0,0.0,0.0,0.0,1.0,0.0,0.0,0.0,0.0,0.0,0.0,0.0,0.0,0.0,0.0,0.0,0.0,0.0,0.0,0.0,1.0,0.0,0.0,0.0,0.0,0.0,0.0,0.0,0.0,0.0,0.0,0.0,0.0,0.0,0.0,0.0,0.0,0.0,0.0,0.0,0.0,0.0,0.0,0.0,1.0,0.0,0.0,0.0,0.0,0.0,0.0,0.0,0.0,0.0,0.0,0.0,0.0,0.0,0.0,0.0,0.0,0.0,0.0,0.0,0.0,0.0,0.0,0.0,0.0,0.0
78748,6.0,2.0,57.0,0.0,52.0,25.0,0.0,0.0,5.0,0.0,16.0,0.0,0.0,7.0,75.0,70.0,90.0,16.0,1.0,8.0,4.0,0.0,247.0,126.0,200.0,0.0,14.0,115.0,8.0,111.0,59.0,245.0,317.0,239.0,4.0,2.0,0.0,4.0,28.0,58.0,1.0,324.0,4.0,16.0,81.0,0.0,1.0,30.0,15.0,3.0,12.0,23.0,99.0,13.0,65.0,3.0,0.0,0.0,0.0,155.0,0.0,1.0,12.0,12.0,6.0,9.0,3.0,3.0,0.0,1.0,12.0,0.0,0.0,0.0,118.0,14.0,2.0,5.0,21.0,0.0,13.0,2.0,14.0,2.0,1.0,11.0,0.0,1.0,963.0,45.0,0.0,16.0,1.0,25.0,2.0,0.0,115.0,0.0,11.0,223.0,4.0,230.0,1.0,6.0,10.0,4.0,8.0,7.0,0.0,1.0,0.0,0.0,4.0,0.0,111.0,0.0,0.0,0.0,0.0,0.0,0.0,1.0,0.0,0.0,0.0,11.0,1.0,0.0,48.0,2.0,2.0,0.0,2.0,0.0,0.0,14.0,7.0,0.0,0.0,0.0,3.0,29.0,1.0,15.0,4.0,32.0,1.0,0.0,0.0,2.0,2.0,2.0,2.0,0.0,13.0,7.0,51.0,0.0,0.0,0.0,1.0,0.0,6.0,79.0,0.0,0.0,1.0,0.0,38.0,11.0,0.0,423.0,1.0,0.0,0.0,0.0,238.0,84.0,21.0,10.0,8.0,11.0,66.0,2.0,53.0,4.0,19.0,35.0,0.0,31.0,0.0,0.0,0.0,0.0,10.0,1.0,0.0,0.0,2.0,5.0,0.0,4.0,0.0,0.0,6.0,0.0,15.0,44.0,3.0,2.0,1.0,1.0,5.0,0.0,0.0,2.0,0.0,1.0,0.0,0.0,0.0,1.0,0.0,0.0,0.0,0.0,0.0,3.0,4.0,2.0,0.0,2.0,0.0,0.0,1.0,2.0,1.0,2.0,0.0,1.0,0.0,0.0,1.0,2.0,0.0,0.0,0.0,1.0,0.0,3.0,0.0,0.0,0.0,0.0,2.0,0.0,0.0,0.0,0.0,0.0,0.0,0.0,0.0,0.0,0.0,0.0,0.0,0.0,1.0,0.0,0.0,0.0,0.0,0.0,0.0,0.0,0.0,0.0,1.0,0.0,0.0,0.0,0.0,0.0,0.0,0.0,0.0,0.0,0.0,0.0,0.0,0.0,1.0,0.0,0.0,0.0,1.0,0.0,0.0,0.0,0.0,0.0,0.0,1.0,1.0,0.0,0.0,0.0,0.0,0.0,0.0,0.0,0.0
78749,0.0,0.0,17.0,1.0,10.0,6.0,0.0,0.0,2.0,0.0,7.0,0.0,0.0,2.0,30.0,26.0,45.0,4.0,0.0,0.0,0.0,0.0,103.0,38.0,101.0,1.0,6.0,43.0,3.0,54.0,39.0,181.0,284.0,65.0,2.0,2.0,0.0,1.0,11.0,42.0,1.0,137.0,4.0,17.0,18.0,0.0,1.0,3.0,9.0,0.0,2.0,4.0,39.0,6.0,30.0,0.0,0.0,0.0,0.0,89.0,1.0,0.0,0.0,2.0,2.0,0.0,0.0,0.0,0.0,1.0,6.0,0.0,1.0,0.0,57.0,11.0,0.0,2.0,14.0,0.0,2.0,0.0,4.0,1.0,2.0,2.0,1.0,1.0,396.0,32.0,0.0,9.0,3.0,48.0,2.0,1.0,87.0,0.0,10.0,120.0,0.0,173.0,0.0,4.0,9.0,2.0,2.0,1.0,0.0,0.0,0.0,0.0,0.0,0.0,85.0,0.0,0.0,0.0,0.0,0.0,0.0,3.0,0.0,0.0,0.0,7.0,0.0,0.0,17.0,0.0,0.0,0.0,0.0,1.0,0.0,4.0,0.0,0.0,0.0,0.0,0.0,8.0,0.0,4.0,5.0,19.0,0.0,0.0,0.0,3.0,0.0,1.0,0.0,0.0,3.0,5.0,28.0,0.0,0.0,0.0,0.0,0.0,3.0,51.0,0.0,0.0,0.0,0.0,23.0,6.0,0.0,241.0,0.0,0.0,0.0,0.0,123.0,36.0,6.0,8.0,3.0,4.0,44.0,0.0,24.0,2.0,10.0,7.0,0.0,14.0,1.0,0.0,0.0,1.0,2.0,0.0,0.0,0.0,2.0,3.0,0.0,2.0,0.0,0.0,0.0,0.0,5.0,22.0,1.0,0.0,0.0,0.0,3.0,1.0,0.0,1.0,0.0,0.0,0.0,0.0,1.0,0.0,1.0,0.0,1.0,2.0,0.0,4.0,0.0,1.0,0.0,3.0,0.0,0.0,0.0,0.0,0.0,0.0,0.0,0.0,0.0,0.0,0.0,3.0,0.0,0.0,0.0,0.0,0.0,2.0,0.0,1.0,0.0,1.0,0.0,0.0,0.0,0.0,0.0,0.0,0.0,0.0,0.0,0.0,0.0,0.0,0.0,0.0,0.0,0.0,0.0,0.0,0.0,0.0,0.0,0.0,0.0,0.0,0.0,0.0,0.0,1.0,0.0,0.0,0.0,0.0,0.0,0.0,0.0,0.0,0.0,0.0,1.0,0.0,0.0,0.0,0.0,0.0,0.0,0.0,0.0,0.0,0.0,0.0,0.0,0.0,0.0,0.0,0.0,0.0,0.0,0.0,0.0
78750,1.0,0.0,18.0,1.0,11.0,8.0,0.0,0.0,0.0,1.0,6.0,0.0,0.0,3.0,19.0,16.0,23.0,6.0,0.0,0.0,1.0,2.0,82.0,30.0,86.0,0.0,5.0,62.0,1.0,58.0,21.0,123.0,273.0,38.0,0.0,2.0,0.0,0.0,13.0,28.0,2.0,135.0,0.0,9.0,10.0,0.0,0.0,2.0,6.0,0.0,2.0,3.0,43.0,4.0,21.0,0.0,0.0,1.0,0.0,64.0,0.0,0.0,2.0,2.0,3.0,1.0,0.0,0.0,0.0,0.0,2.0,0.0,2.0,0.0,42.0,3.0,1.0,3.0,7.0,0.0,0.0,1.0,1.0,0.0,1.0,0.0,2.0,0.0,303.0,40.0,0.0,2.0,3.0,35.0,1.0,0.0,52.0,0.0,7.0,85.0,1.0,118.0,0.0,8.0,0.0,0.0,0.0,5.0,0.0,0.0,1.0,0.0,1.0,0.0,93.0,0.0,0.0,0.0,0.0,0.0,0.0,2.0,0.0,0.0,1.0,4.0,0.0,0.0,20.0,1.0,1.0,0.0,0.0,0.0,0.0,4.0,2.0,0.0,1.0,0.0,5.0,7.0,2.0,6.0,1.0,16.0,0.0,0.0,0.0,0.0,0.0,0.0,0.0,0.0,0.0,3.0,40.0,0.0,0.0,0.0,0.0,0.0,2.0,25.0,0.0,0.0,0.0,0.0,18.0,5.0,0.0,172.0,1.0,0.0,0.0,0.0,40.0,28.0,10.0,14.0,3.0,7.0,30.0,0.0,23.0,4.0,17.0,12.0,0.0,2.0,1.0,0.0,0.0,2.0,1.0,0.0,0.0,0.0,0.0,1.0,0.0,0.0,0.0,0.0,4.0,0.0,8.0,8.0,1.0,1.0,0.0,0.0,5.0,0.0,0.0,3.0,0.0,2.0,0.0,0.0,0.0,1.0,3.0,0.0,3.0,1.0,0.0,2.0,0.0,1.0,0.0,3.0,0.0,0.0,0.0,0.0,0.0,0.0,0.0,0.0,0.0,0.0,0.0,0.0,0.0,0.0,0.0,0.0,0.0,0.0,0.0,0.0,1.0,1.0,0.0,0.0,0.0,0.0,0.0,0.0,0.0,0.0,0.0,0.0,0.0,0.0,0.0,0.0,0.0,0.0,0.0,0.0,0.0,2.0,0.0,0.0,0.0,0.0,0.0,0.0,0.0,0.0,0.0,0.0,0.0,0.0,0.0,0.0,0.0,0.0,0.0,0.0,0.0,0.0,0.0,0.0,0.0,0.0,0.0,0.0,1.0,0.0,0.0,0.0,0.0,0.0,0.0,0.0,0.0,0.0,0.0,0.0,0.0
78751,1.0,4.0,25.0,0.0,40.0,18.0,0.0,1.0,3.0,0.0,18.0,0.0,1.0,7.0,969.0,14.0,56.0,3.0,0.0,1.0,2.0,4.0,93.0,178.0,236.0,0.0,7.0,95.0,2.0,83.0,81.0,100.0,408.0,16.0,0.0,1.0,0.0,4.0,15.0,24.0,0.0,216.0,5.0,14.0,131.0,11.0,1.0,10.0,12.0,1.0,2.0,6.0,43.0,6.0,21.0,1.0,0.0,0.0,0.0,109.0,0.0,0.0,4.0,5.0,13.0,6.0,0.0,0.0,0.0,4.0,9.0,0.0,0.0,0.0,80.0,8.0,3.0,4.0,12.0,1.0,10.0,4.0,5.0,2.0,0.0,9.0,1.0,1.0,269.0,5.0,0.0,8.0,6.0,25.0,2.0,1.0,50.0,0.0,14.0,95.0,5.0,82.0,0.0,3.0,13.0,7.0,2.0,9.0,0.0,1.0,0.0,0.0,1.0,2.0,72.0,0.0,0.0,0.0,1.0,0.0,0.0,0.0,2.0,0.0,1.0,7.0,0.0,0.0,81.0,3.0,1.0,0.0,1.0,0.0,0.0,18.0,3.0,0.0,1.0,0.0,0.0,21.0,1.0,3.0,8.0,32.0,1.0,1.0,1.0,8.0,1.0,6.0,0.0,0.0,6.0,1.0,6.0,0.0,0.0,0.0,1.0,0.0,5.0,60.0,0.0,0.0,0.0,0.0,25.0,5.0,0.0,311.0,1.0,1.0,0.0,0.0,136.0,72.0,32.0,14.0,5.0,18.0,189.0,0.0,38.0,0.0,16.0,10.0,1.0,10.0,0.0,0.0,0.0,1.0,6.0,2.0,0.0,0.0,0.0,2.0,0.0,1.0,0.0,0.0,6.0,1.0,5.0,3.0,0.0,0.0,0.0,1.0,9.0,1.0,0.0,1.0,0.0,0.0,0.0,0.0,0.0,0.0,0.0,1.0,0.0,0.0,0.0,1.0,0.0,2.0,1.0,1.0,0.0,0.0,0.0,0.0,2.0,0.0,0.0,1.0,0.0,1.0,1.0,0.0,0.0,0.0,0.0,0.0,0.0,0.0,1.0,0.0,0.0,0.0,0.0,0.0,0.0,0.0,0.0,0.0,0.0,0.0,0.0,0.0,0.0,0.0,0.0,0.0,0.0,0.0,0.0,0.0,0.0,0.0,0.0,0.0,0.0,0.0,0.0,0.0,0.0,0.0,0.0,0.0,0.0,0.0,0.0,0.0,0.0,0.0,0.0,0.0,0.0,0.0,3.0,0.0,0.0,0.0,0.0,0.0,0.0,0.0,0.0,0.0,0.0,0.0,0.0,0.0,0.0,0.0,0.0,0.0,0.0
78752,5.0,5.0,53.0,2.0,119.0,44.0,1.0,0.0,3.0,2.0,95.0,0.0,0.0,5.0,94.0,24.0,75.0,10.0,2.0,10.0,4.0,4.0,248.0,201.0,284.0,0.0,6.0,138.0,1.0,113.0,38.0,110.0,585.0,35.0,3.0,3.0,0.0,3.0,49.0,27.0,0.0,401.0,2.0,27.0,196.0,21.0,6.0,32.0,19.0,7.0,9.0,3.0,36.0,26.0,47.0,3.0,0.0,0.0,0.0,125.0,1.0,0.0,26.0,11.0,11.0,4.0,1.0,1.0,0.0,3.0,19.0,0.0,2.0,0.0,170.0,33.0,2.0,6.0,33.0,1.0,14.0,14.0,21.0,0.0,2.0,7.0,4.0,1.0,723.0,40.0,0.0,25.0,1.0,29.0,2.0,0.0,59.0,0.0,12.0,160.0,2.0,83.0,0.0,4.0,9.0,0.0,10.0,7.0,0.0,5.0,0.0,0.0,1.0,0.0,60.0,0.0,0.0,0.0,0.0,0.0,0.0,12.0,0.0,0.0,0.0,3.0,1.0,0.0,99.0,1.0,4.0,0.0,3.0,0.0,0.0,57.0,20.0,0.0,1.0,2.0,0.0,33.0,3.0,9.0,14.0,62.0,1.0,0.0,0.0,16.0,2.0,10.0,1.0,0.0,43.0,9.0,70.0,0.0,0.0,0.0,3.0,0.0,6.0,55.0,0.0,1.0,1.0,0.0,70.0,12.0,2.0,436.0,0.0,0.0,1.0,0.0,90.0,79.0,32.0,15.0,30.0,7.0,70.0,1.0,54.0,3.0,29.0,13.0,1.0,9.0,0.0,0.0,0.0,1.0,33.0,1.0,1.0,0.0,1.0,5.0,0.0,5.0,1.0,0.0,5.0,1.0,17.0,29.0,5.0,0.0,15.0,0.0,17.0,0.0,0.0,6.0,1.0,2.0,0.0,1.0,0.0,1.0,1.0,0.0,0.0,1.0,1.0,2.0,1.0,2.0,3.0,1.0,0.0,1.0,0.0,2.0,0.0,1.0,0.0,1.0,0.0,0.0,0.0,2.0,0.0,0.0,0.0,0.0,0.0,0.0,0.0,0.0,1.0,1.0,1.0,0.0,0.0,0.0,0.0,0.0,0.0,0.0,0.0,0.0,0.0,0.0,0.0,0.0,1.0,0.0,1.0,0.0,0.0,0.0,0.0,0.0,0.0,0.0,0.0,0.0,0.0,0.0,0.0,0.0,0.0,0.0,0.0,0.0,0.0,0.0,0.0,0.0,0.0,0.0,0.0,0.0,0.0,0.0,0.0,0.0,0.0,0.0,0.0,0.0,0.0,0.0,0.0,0.0,0.0,0.0,0.0,0.0,0.0
78753,2.0,8.0,102.0,6.0,223.0,101.0,0.0,0.0,14.0,4.0,166.0,0.0,0.0,26.0,175.0,147.0,209.0,50.0,4.0,14.0,8.0,17.0,645.0,414.0,788.0,2.0,10.0,279.0,11.0,288.0,123.0,295.0,976.0,161.0,11.0,11.0,0.0,11.0,134.0,94.0,4.0,894.0,4.0,54.0,248.0,9.0,5.0,15.0,21.0,5.0,9.0,11.0,174.0,65.0,113.0,13.0,0.0,1.0,0.0,428.0,2.0,2.0,53.0,32.0,11.0,23.0,2.0,3.0,0.0,4.0,34.0,1.0,2.0,2.0,262.0,59.0,5.0,5.0,51.0,0.0,37.0,15.0,48.0,1.0,1.0,17.0,7.0,4.0,1720.0,122.0,0.0,52.0,18.0,60.0,7.0,1.0,157.0,0.0,12.0,359.0,1.0,184.0,2.0,15.0,23.0,8.0,20.0,6.0,0.0,3.0,1.0,0.0,2.0,1.0,177.0,0.0,0.0,0.0,1.0,1.0,0.0,11.0,2.0,0.0,0.0,17.0,2.0,0.0,218.0,4.0,7.0,0.0,4.0,0.0,0.0,75.0,30.0,0.0,4.0,5.0,3.0,75.0,28.0,25.0,29.0,82.0,0.0,3.0,0.0,19.0,5.0,8.0,0.0,0.0,81.0,16.0,238.0,0.0,0.0,0.0,1.0,0.0,11.0,85.0,0.0,0.0,4.0,1.0,109.0,45.0,2.0,1010.0,5.0,2.0,4.0,0.0,575.0,144.0,62.0,31.0,60.0,33.0,50.0,3.0,149.0,17.0,134.0,57.0,2.0,16.0,1.0,0.0,1.0,0.0,54.0,4.0,2.0,0.0,1.0,9.0,0.0,17.0,1.0,0.0,6.0,0.0,25.0,56.0,8.0,1.0,0.0,0.0,16.0,0.0,0.0,15.0,1.0,1.0,1.0,0.0,0.0,11.0,4.0,0.0,1.0,1.0,1.0,8.0,0.0,5.0,3.0,4.0,0.0,2.0,3.0,7.0,0.0,3.0,0.0,1.0,0.0,0.0,0.0,7.0,0.0,0.0,0.0,2.0,0.0,1.0,1.0,0.0,3.0,1.0,0.0,0.0,0.0,0.0,0.0,0.0,0.0,0.0,0.0,0.0,0.0,0.0,0.0,2.0,2.0,0.0,1.0,1.0,0.0,5.0,1.0,0.0,0.0,0.0,0.0,0.0,2.0,2.0,2.0,0.0,0.0,0.0,0.0,0.0,0.0,0.0,0.0,1.0,0.0,0.0,1.0,0.0,0.0,1.0,0.0,0.0,0.0,0.0,0.0,0.0,0.0,1.0,1.0,1.0,1.0,0.0,0.0,0.0,0.0
78754,1.0,5.0,24.0,0.0,32.0,24.0,0.0,0.0,0.0,1.0,29.0,0.0,0.0,4.0,39.0,33.0,51.0,11.0,0.0,4.0,2.0,0.0,160.0,78.0,155.0,0.0,9.0,74.0,2.0,58.0,42.0,51.0,224.0,43.0,3.0,0.0,0.0,1.0,28.0,27.0,1.0,163.0,0.0,8.0,32.0,0.0,2.0,1.0,6.0,2.0,4.0,8.0,28.0,16.0,19.0,3.0,0.0,0.0,0.0,88.0,0.0,2.0,10.0,3.0,0.0,3.0,1.0,2.0,0.0,1.0,4.0,1.0,0.0,0.0,43.0,8.0,0.0,1.0,6.0,1.0,2.0,2.0,3.0,2.0,2.0,1.0,1.0,2.0,423.0,40.0,0.0,9.0,3.0,17.0,3.0,2.0,59.0,0.0,2.0,138.0,4.0,105.0,3.0,3.0,7.0,4.0,3.0,4.0,0.0,1.0,1.0,0.0,0.0,0.0,65.0,0.0,0.0,0.0,0.0,0.0,1.0,3.0,0.0,0.0,1.0,5.0,3.0,0.0,28.0,2.0,2.0,0.0,0.0,0.0,0.0,3.0,6.0,0.0,1.0,0.0,13.0,12.0,3.0,3.0,3.0,8.0,0.0,0.0,0.0,1.0,1.0,3.0,0.0,0.0,10.0,3.0,48.0,0.0,0.0,0.0,2.0,0.0,2.0,37.0,0.0,0.0,0.0,1.0,25.0,14.0,0.0,191.0,0.0,1.0,0.0,0.0,15.0,88.0,11.0,9.0,9.0,7.0,8.0,3.0,31.0,6.0,6.0,8.0,0.0,0.0,1.0,0.0,0.0,0.0,6.0,0.0,2.0,0.0,0.0,3.0,0.0,1.0,1.0,0.0,0.0,0.0,9.0,13.0,3.0,1.0,0.0,0.0,1.0,0.0,0.0,2.0,0.0,0.0,0.0,1.0,0.0,5.0,2.0,0.0,0.0,0.0,0.0,0.0,0.0,2.0,1.0,3.0,0.0,0.0,0.0,3.0,0.0,0.0,0.0,1.0,0.0,1.0,0.0,1.0,0.0,0.0,0.0,0.0,0.0,0.0,0.0,0.0,0.0,1.0,0.0,0.0,0.0,0.0,0.0,0.0,0.0,0.0,0.0,0.0,0.0,0.0,0.0,1.0,1.0,0.0,1.0,0.0,0.0,1.0,1.0,0.0,0.0,0.0,1.0,0.0,0.0,0.0,0.0,0.0,0.0,0.0,0.0,0.0,0.0,0.0,0.0,1.0,0.0,1.0,0.0,0.0,0.0,0.0,0.0,0.0,0.0,0.0,0.0,0.0,0.0,0.0,0.0,0.0,0.0,1.0,0.0,0.0,0.0
78756,0.0,0.0,7.0,0.0,4.0,7.0,0.0,0.0,1.0,0.0,6.0,0.0,0.0,3.0,27.0,8.0,27.0,4.0,0.0,0.0,0.0,1.0,39.0,27.0,70.0,0.0,2.0,66.0,2.0,26.0,12.0,26.0,136.0,9.0,1.0,1.0,0.0,2.0,8.0,11.0,0.0,103.0,0.0,8.0,37.0,0.0,0.0,2.0,0.0,4.0,1.0,2.0,20.0,3.0,15.0,1.0,0.0,0.0,0.0,34.0,0.0,2.0,2.0,2.0,3.0,0.0,0.0,0.0,0.0,1.0,2.0,0.0,0.0,0.0,42.0,7.0,2.0,0.0,9.0,0.0,2.0,0.0,4.0,0.0,1.0,4.0,1.0,0.0,133.0,9.0,0.0,1.0,0.0,10.0,0.0,1.0,24.0,0.0,7.0,62.0,0.0,49.0,0.0,5.0,1.0,1.0,0.0,1.0,0.0,0.0,0.0,0.0,0.0,0.0,16.0,0.0,0.0,0.0,0.0,0.0,0.0,0.0,0.0,1.0,1.0,1.0,0.0,0.0,14.0,0.0,0.0,0.0,0.0,0.0,0.0,8.0,0.0,0.0,0.0,1.0,0.0,11.0,0.0,1.0,3.0,17.0,0.0,0.0,1.0,4.0,1.0,0.0,1.0,0.0,0.0,0.0,4.0,0.0,0.0,0.0,0.0,0.0,2.0,26.0,0.0,0.0,0.0,0.0,17.0,2.0,0.0,149.0,1.0,0.0,0.0,0.0,78.0,30.0,9.0,4.0,2.0,8.0,79.0,1.0,9.0,2.0,6.0,7.0,0.0,2.0,0.0,0.0,0.0,0.0,0.0,0.0,2.0,2.0,0.0,0.0,0.0,4.0,0.0,0.0,0.0,0.0,5.0,17.0,2.0,1.0,0.0,0.0,0.0,0.0,0.0,0.0,0.0,1.0,0.0,0.0,0.0,0.0,0.0,0.0,0.0,0.0,0.0,3.0,0.0,0.0,0.0,2.0,0.0,0.0,1.0,0.0,0.0,0.0,0.0,0.0,0.0,0.0,0.0,0.0,0.0,0.0,0.0,1.0,0.0,0.0,1.0,0.0,0.0,0.0,0.0,0.0,0.0,0.0,0.0,0.0,0.0,0.0,0.0,0.0,0.0,0.0,0.0,0.0,0.0,0.0,0.0,0.0,0.0,0.0,0.0,0.0,0.0,0.0,0.0,0.0,0.0,0.0,0.0,0.0,0.0,0.0,0.0,0.0,0.0,0.0,0.0,0.0,0.0,0.0,0.0,0.0,0.0,0.0,0.0,0.0,0.0,0.0,0.0,0.0,0.0,0.0,0.0,0.0,0.0,0.0,0.0,0.0,0.0
78757,0.0,3.0,16.0,0.0,35.0,19.0,0.0,0.0,5.0,0.0,32.0,0.0,1.0,2.0,42.0,34.0,45.0,4.0,0.0,3.0,2.0,1.0,139.0,97.0,201.0,0.0,11.0,169.0,0.0,95.0,79.0,84.0,434.0,28.0,5.0,2.0,0.0,2.0,17.0,39.0,1.0,242.0,3.0,16.0,81.0,2.0,5.0,9.0,16.0,1.0,5.0,3.0,42.0,12.0,33.0,3.0,0.0,0.0,0.0,95.0,1.0,0.0,8.0,7.0,4.0,5.0,1.0,0.0,0.0,1.0,10.0,0.0,1.0,0.0,78.0,16.0,3.0,3.0,17.0,1.0,6.0,3.0,10.0,0.0,0.0,8.0,2.0,2.0,393.0,16.0,0.0,8.0,6.0,43.0,0.0,0.0,69.0,0.0,12.0,109.0,1.0,131.0,0.0,0.0,9.0,1.0,3.0,4.0,0.0,0.0,0.0,0.0,1.0,2.0,109.0,0.0,0.0,0.0,0.0,0.0,0.0,2.0,0.0,0.0,0.0,5.0,1.0,0.0,45.0,2.0,2.0,0.0,0.0,0.0,0.0,9.0,1.0,0.0,0.0,0.0,4.0,19.0,1.0,4.0,10.0,28.0,0.0,0.0,0.0,6.0,7.0,6.0,1.0,0.0,10.0,3.0,11.0,0.0,0.0,0.0,1.0,0.0,1.0,56.0,1.0,0.0,0.0,0.0,45.0,8.0,0.0,423.0,2.0,0.0,1.0,0.0,143.0,82.0,17.0,15.0,12.0,6.0,125.0,2.0,59.0,3.0,19.0,22.0,1.0,14.0,0.0,1.0,0.0,1.0,10.0,1.0,0.0,0.0,2.0,3.0,0.0,3.0,1.0,0.0,0.0,2.0,9.0,8.0,5.0,0.0,0.0,0.0,10.0,0.0,0.0,1.0,1.0,0.0,1.0,1.0,0.0,3.0,1.0,0.0,0.0,0.0,1.0,1.0,0.0,1.0,2.0,2.0,0.0,0.0,2.0,1.0,0.0,0.0,0.0,4.0,0.0,0.0,0.0,0.0,0.0,0.0,0.0,0.0,0.0,0.0,0.0,0.0,0.0,0.0,0.0,0.0,0.0,0.0,0.0,0.0,0.0,0.0,0.0,1.0,0.0,0.0,0.0,0.0,1.0,0.0,0.0,0.0,0.0,0.0,0.0,0.0,0.0,0.0,0.0,0.0,0.0,0.0,0.0,1.0,0.0,0.0,0.0,0.0,0.0,0.0,0.0,0.0,0.0,0.0,0.0,1.0,0.0,0.0,0.0,0.0,0.0,0.0,0.0,0.0,0.0,0.0,0.0,0.0,1.0,0.0,0.0,0.0,0.0
78758,16.0,5.0,101.0,1.0,251.0,82.0,1.0,2.0,13.0,5.0,168.0,0.0,1.0,12.0,191.0,132.0,203.0,51.0,0.0,7.0,12.0,36.0,606.0,449.0,778.0,5.0,10.0,310.0,11.0,321.0,110.0,393.0,1117.0,109.0,7.0,8.0,0.0,17.0,94.0,112.0,5.0,930.0,11.0,49.0,251.0,1.0,5.0,20.0,25.0,6.0,12.0,23.0,183.0,65.0,103.0,9.0,0.0,1.0,0.0,487.0,0.0,3.0,47.0,27.0,11.0,29.0,0.0,4.0,0.0,3.0,17.0,0.0,1.0,1.0,219.0,58.0,7.0,3.0,46.0,0.0,30.0,10.0,37.0,0.0,0.0,26.0,7.0,5.0,1645.0,98.0,0.0,32.0,14.0,69.0,10.0,1.0,183.0,0.0,15.0,371.0,6.0,251.0,2.0,15.0,49.0,1.0,12.0,10.0,0.0,1.0,0.0,1.0,3.0,2.0,213.0,0.0,0.0,0.0,0.0,1.0,0.0,6.0,7.0,0.0,3.0,12.0,3.0,0.0,162.0,2.0,8.0,0.0,2.0,0.0,0.0,68.0,24.0,0.0,0.0,1.0,3.0,54.0,8.0,22.0,19.0,117.0,1.0,3.0,0.0,13.0,8.0,15.0,1.0,0.0,66.0,15.0,192.0,0.0,0.0,1.0,2.0,0.0,14.0,153.0,1.0,1.0,1.0,0.0,108.0,38.0,3.0,959.0,1.0,6.0,1.0,0.0,412.0,189.0,44.0,49.0,57.0,19.0,122.0,1.0,161.0,17.0,52.0,46.0,5.0,8.0,0.0,0.0,0.0,1.0,47.0,1.0,2.0,0.0,1.0,9.0,0.0,12.0,0.0,0.0,3.0,0.0,62.0,77.0,10.0,7.0,0.0,0.0,15.0,1.0,0.0,12.0,3.0,0.0,1.0,1.0,0.0,19.0,5.0,1.0,3.0,0.0,0.0,10.0,3.0,3.0,3.0,5.0,0.0,0.0,1.0,4.0,0.0,2.0,1.0,2.0,0.0,0.0,0.0,3.0,0.0,0.0,0.0,1.0,1.0,1.0,0.0,0.0,2.0,2.0,0.0,1.0,0.0,0.0,0.0,0.0,0.0,0.0,1.0,1.0,0.0,0.0,0.0,0.0,0.0,0.0,1.0,0.0,0.0,1.0,2.0,1.0,0.0,0.0,0.0,0.0,0.0,2.0,0.0,0.0,0.0,0.0,0.0,0.0,0.0,0.0,0.0,0.0,0.0,0.0,0.0,0.0,1.0,0.0,0.0,0.0,0.0,0.0,0.0,0.0,0.0,0.0,0.0,0.0,0.0,0.0,1.0,1.0,1.0
78759,3.0,1.0,32.0,0.0,51.0,24.0,0.0,1.0,2.0,0.0,24.0,0.0,0.0,8.0,52.0,28.0,43.0,10.0,0.0,2.0,5.0,10.0,165.0,107.0,270.0,1.0,5.0,206.0,4.0,102.0,72.0,328.0,794.0,38.0,1.0,1.0,0.0,10.0,28.0,81.0,1.0,413.0,2.0,26.0,58.0,0.0,4.0,13.0,14.0,2.0,7.0,10.0,85.0,9.0,68.0,2.0,0.0,0.0,0.0,143.0,0.0,1.0,8.0,3.0,6.0,7.0,0.0,0.0,0.0,0.0,18.0,1.0,2.0,0.0,118.0,22.0,3.0,5.0,19.0,0.0,4.0,2.0,12.0,0.0,2.0,6.0,3.0,1.0,546.0,34.0,0.0,6.0,5.0,55.0,4.0,2.0,97.0,0.0,10.0,195.0,1.0,272.0,0.0,9.0,11.0,2.0,0.0,6.0,0.0,0.0,0.0,1.0,3.0,0.0,186.0,0.0,0.0,0.0,1.0,0.0,0.0,3.0,0.0,0.0,3.0,6.0,0.0,0.0,56.0,4.0,4.0,0.0,3.0,0.0,0.0,11.0,13.0,0.0,1.0,0.0,1.0,14.0,4.0,6.0,7.0,46.0,0.0,0.0,0.0,9.0,2.0,2.0,0.0,0.0,13.0,7.0,17.0,0.0,0.0,0.0,2.0,0.0,2.0,88.0,1.0,1.0,0.0,0.0,37.0,8.0,0.0,518.0,0.0,1.0,0.0,0.0,414.0,67.0,35.0,26.0,20.0,11.0,94.0,1.0,86.0,5.0,22.0,26.0,0.0,5.0,0.0,0.0,1.0,2.0,13.0,2.0,0.0,0.0,0.0,3.0,0.0,0.0,0.0,0.0,1.0,3.0,7.0,19.0,4.0,1.0,0.0,1.0,10.0,1.0,1.0,3.0,0.0,0.0,0.0,1.0,0.0,1.0,1.0,0.0,2.0,3.0,0.0,4.0,0.0,1.0,3.0,1.0,0.0,0.0,0.0,3.0,0.0,0.0,0.0,5.0,0.0,1.0,0.0,0.0,0.0,0.0,0.0,0.0,0.0,0.0,0.0,0.0,0.0,1.0,0.0,0.0,0.0,0.0,0.0,0.0,0.0,0.0,0.0,0.0,0.0,0.0,0.0,0.0,0.0,0.0,0.0,1.0,0.0,4.0,0.0,0.0,0.0,1.0,0.0,0.0,0.0,0.0,0.0,0.0,0.0,0.0,0.0,0.0,0.0,0.0,0.0,0.0,0.0,0.0,0.0,0.0,0.0,0.0,0.0,0.0,0.0,0.0,0.0,0.0,0.0,0.0,0.0,0.0,0.0,0.0,0.0,0.0,0.0
